ensembl_id,gene_symbol,importance
ENSG00000107317,PTGDS,1.4373522
ENSG00000109846,CRYAB,1.0618181
ENSG00000102854,MSLN,1.0488182
ENSG00000156885,COX6A2,0.89550966
ENSG00000188257,PLA2G2A,0.863252
ENSG00000115414,FN1,0.8027003
ENSG00000102265,TIMP1,0.763744
ENSG00000169908,TM4SF1,0.7599991
ENSG00000116690,PRG4,0.71218354
ENSG00000149131,SERPING1,0.700276
ENSG00000124107,SLPI,0.6745297
ENSG00000171345,KRT19,0.6187198
ENSG00000159403,C1R,0.61562234
ENSG00000240583,AQP1,0.51898503
ENSG00000163347,CLDN1,0.50001746
ENSG00000243566,UPK3B,0.43474075
ENSG00000125730,C3,0.41679302
ENSG00000159251,ACTC1,0.38445944
ENSG00000198336,MYL4,0.3728149
ENSG00000118194,TNNT2,0.3576077
ENSG00000156467,UQCRB,0.31784236
ENSG00000179914,ITLN1,0.2375603
ENSG00000148180,GSN,0.21692906
ENSG00000175084,DES,0.21343344
ENSG00000189043,NDUFA4,0.20734511
ENSG00000198626,RYR2,0.20577025
ENSG00000080493,SLC4A4,0.19379412
ENSG00000182197,EXT1,0.18352805
ENSG00000021645,NRXN3,0.16219743
ENSG00000196730,DAPK1,0.16178125
ENSG00000114854,TNNC1,0.1585423
ENSG00000173991,TCAP,0.13851206
ENSG00000169744,LDB2,0.110423274
ENSG00000212907,MT-ND4L,0.10470874
ENSG00000150625,GPM6A,0.096721984
ENSG00000258751,ENSG00000258751,0.094804555
ENSG00000185052,SLC24A3,0.08883698
ENSG00000183023,SLC8A1,0.0839328
ENSG00000151322,NPAS3,0.07273821
ENSG00000165966,PDZRN4,0.06957378
ENSG00000111961,SASH1,0.060777042
ENSG00000178568,ERBB4,0.054652527
ENSG00000198947,DMD,0.052658033
ENSG00000148677,ANKRD1,0.047723472
ENSG00000186153,WWOX,0.043408927
ENSG00000078328,RBFOX1,0.037061684
ENSG00000258859,LINC02296,0.027885392
ENSG00000197747,S100A10,0.026695436
ENSG00000114279,FGF12,0.025036141
ENSG00000185565,LSAMP,0.021051535
ENSG00000157445,CACNA2D3,0.02100805
ENSG00000113645,WWC1,0.019714713
ENSG00000169851,PCDH7,0.018926831
ENSG00000231607,DLEU2,0.018528063
ENSG00000253438,PCAT1,0.017572917
ENSG00000047648,ARHGAP6,0.0141651975
ENSG00000185070,FLRT2,0.012229188
ENSG00000091986,CCDC80,0.0053199884
ENSG00000221866,PLXNA4,0.0033435961
ENSG00000241644,INMT,0.0022429638
ENSG00000113448,PDE4D,0.0013061871
ENSG00000147408,CSGALNACT1,0.001291643
ENSG00000139734,DIAPH3,0.0
ENSG00000235097,LINC00330,0.0
ENSG00000225249,LINC00378,0.0
ENSG00000184226,PCDH9,0.0
ENSG00000257894,ENSG00000257894,0.0
ENSG00000286820,ENSG00000286820,0.0
ENSG00000067798,NAV3,0.0
ENSG00000139304,PTPRQ,0.0
ENSG00000229665,PRR20C,0.0
ENSG00000111046,MYF6,0.0
ENSG00000288015,ENSG00000288015,0.0
ENSG00000118946,PCDH17,0.0
ENSG00000133112,TPT1,0.0
ENSG00000235221,LINC00383,0.0
ENSG00000257747,LINC02426,0.0
ENSG00000230731,LINC02938,0.0
ENSG00000179104,TMTC2,0.0
ENSG00000276436,ENSG00000276436,0.0
ENSG00000277684,ENSG00000277684,0.0
ENSG00000271564,LINC02333,0.0
ENSG00000286385,ENSG00000286385,0.0
ENSG00000276644,DACH1,0.0
ENSG00000127329,PTPRB,0.0
ENSG00000285534,ENSG00000285534,0.0
ENSG00000256077,LINC02442,0.0
ENSG00000204442,NALF1,0.0
ENSG00000102466,FGF14,0.0
ENSG00000111537,IFNG,0.0
ENSG00000226134,ENSG00000226134,0.0
ENSG00000185352,HS6ST3,0.0
ENSG00000183098,GPC6,0.0
ENSG00000127325,BEST3,0.0
ENSG00000258294,ENSG00000258294,0.0
ENSG00000281721,LINC01080,0.0
ENSG00000251138,LINC02882,0.0
ENSG00000179399,GPC5,0.0
ENSG00000226037,LINC01040,0.0
ENSG00000285699,ENSG00000285699,0.0
ENSG00000226370,LINC00375,0.0
ENSG00000288016,ENSG00000288016,0.0
ENSG00000285742,ENSG00000285742,0.0
ENSG00000165891,E2F7,0.0
ENSG00000120658,ENOX1,0.0
ENSG00000257729,ENSG00000257729,0.0
ENSG00000225350,FREM2-AS1,0.0
ENSG00000258815,LINC02820,0.0
ENSG00000286493,ENSG00000286493,0.0
ENSG00000250208,FZD10-AS1,0.0
ENSG00000139354,GAS2L3,0.0
ENSG00000181234,TMEM132C,0.0
ENSG00000255595,LINC02350,0.0
ENSG00000257703,ENSG00000257703,0.0
ENSG00000251497,PITPNM2-AS1,0.0
ENSG00000257762,LINC02401,0.0
ENSG00000274191,ENSG00000274191,0.0
ENSG00000257754,ENSG00000257754,0.0
ENSG00000257193,LINC02385,0.0
ENSG00000171310,CHST11,0.0
ENSG00000276693,ENSG00000276693,0.0
ENSG00000257548,ENSG00000257548,0.0
ENSG00000111245,MYL2,0.0
ENSG00000256569,ENSG00000256569,0.0
ENSG00000276188,ENSG00000276188,0.0
ENSG00000185847,LINC01405,0.0
ENSG00000256008,CABP1-DT,0.0
ENSG00000089157,RPLP0,0.0
ENSG00000122966,CIT,0.0
ENSG00000274859,ENSG00000274859,0.0
ENSG00000135144,DTX1,0.0
ENSG00000286056,ENSG00000286056,0.0
ENSG00000258312,ENSG00000258312,0.0
ENSG00000183722,LHFPL6,0.0
ENSG00000224405,LINC00572,0.0
ENSG00000277873,ENSG00000277873,0.0
ENSG00000229437,LINC00366,0.0
ENSG00000182050,MGAT4C,0.0
ENSG00000180660,MAB21L1,0.0
ENSG00000258185,ENSG00000258185,0.0
ENSG00000261728,ENSG00000261728,0.0
ENSG00000271901,ENSG00000271901,0.0
ENSG00000139330,KERA,0.0
ENSG00000257863,ENSG00000257863,0.0
ENSG00000232643,LINC00385,0.0
ENSG00000132938,MTUS2,0.0
ENSG00000256576,LINC02361,0.0
ENSG00000102755,FLT1,0.0
ENSG00000132932,ATP8A2,0.0
ENSG00000234056,LINC00463,0.0
ENSG00000261498,LINC00566,0.0
ENSG00000276476,LINC00540,0.0
ENSG00000283422,LINC02452,0.0
ENSG00000286434,ENSG00000286434,0.0
ENSG00000198033,TUBA3C,0.0
ENSG00000226250,LINC00408,0.0
ENSG00000246394,ZNF84-DT,0.0
ENSG00000285856,ENSG00000285856,0.0
ENSG00000229905,ENSG00000229905,0.0
ENSG00000269125,ENSG00000269125,0.0
ENSG00000259598,ENSG00000259598,0.0
ENSG00000260172,LINC01413,0.0
ENSG00000137766,UNC13C,0.0
ENSG00000259188,ENSG00000259188,0.0
ENSG00000287439,ENSG00000287439,0.0
ENSG00000259754,ENSG00000259754,0.0
ENSG00000167014,TERB2,0.0
ENSG00000166710,B2M,0.0
ENSG00000171877,FRMD5,0.0
ENSG00000246740,PLA2G4E-AS1,0.0
ENSG00000137812,KNL1,0.0
ENSG00000259390,ENSG00000259390,0.0
ENSG00000259345,ENSG00000259345,0.0
ENSG00000259245,LINC02853,0.0
ENSG00000198535,C2CD4A,0.0
ENSG00000259446,RYR3-DT,0.0
ENSG00000241818,SCG5-AS1,0.0
ENSG00000284906,ENSG00000284906,0.0
ENSG00000259150,LINC00929,0.0
ENSG00000226777,FAM30A,0.0
ENSG00000211899,IGHM,0.0
ENSG00000211895,IGHA1,0.0
ENSG00000211890,IGHA2,0.0
ENSG00000213145,CRIP1,0.0
ENSG00000258736,ENSG00000258736,0.0
ENSG00000258512,LINC00239,0.0
ENSG00000258663,ENSG00000258663,0.0
ENSG00000259251,VPS13C-DT,0.0
ENSG00000278737,ENSG00000278737,0.0
ENSG00000229373,LINC00452,0.0
ENSG00000103888,CEMIP,0.0
ENSG00000127578,WFIKKN1,0.0
ENSG00000261691,ENSG00000261691,0.0
ENSG00000206177,HBM,0.0
ENSG00000184140,OR4F6,0.0
ENSG00000286733,LINC02348,0.0
ENSG00000259182,ENSG00000259182,0.0
ENSG00000287191,ENSG00000287191,0.0
ENSG00000251209,LINC00923,0.0
ENSG00000285663,ENSG00000285663,0.0
ENSG00000260477,LINC01584,0.0
ENSG00000259654,ENSG00000259654,0.0
ENSG00000259692,LINC01418,0.0
ENSG00000287108,ENSG00000287108,0.0
ENSG00000103742,IGDCC4,0.0
ENSG00000140379,BCL2A1,0.0
ENSG00000277482,ENSG00000277482,0.0
ENSG00000277718,LINC02255,0.0
ENSG00000277749,ENSG00000277749,0.0
ENSG00000261543,ENSG00000261543,0.0
ENSG00000167139,TBC1D21,0.0
ENSG00000215186,GOLGA6B,0.0
ENSG00000187806,TMEM202,0.0
ENSG00000187720,THSD4,0.0
ENSG00000287741,ENSG00000287741,0.0
ENSG00000137818,RPLP1,0.0
ENSG00000137809,ITGA11,0.0
ENSG00000214548,MEG3,0.0
ENSG00000287501,ENSG00000287501,0.0
ENSG00000100739,BDKRB1,0.0
ENSG00000100448,CTSG,0.0
ENSG00000285747,ENSG00000285747,0.0
ENSG00000213741,RPS29,0.0
ENSG00000257900,ENSG00000257900,0.0
ENSG00000251363,LINC02315,0.0
ENSG00000258526,ENSG00000258526,0.0
ENSG00000183032,SLC25A21,0.0
ENSG00000151320,AKAP6,0.0
ENSG00000257155,NUBPL-DT,0.0
ENSG00000258107,ENSG00000258107,0.0
ENSG00000257126,FOXG1-AS1,0.0
ENSG00000258175,LINC02300,0.0
ENSG00000257845,LINC02294,0.0
ENSG00000186648,CARMIL3,0.0
ENSG00000257275,ENSG00000257275,0.0
ENSG00000198673,TAFA2,0.0
ENSG00000100867,DHRS2,0.0
ENSG00000092054,MYH7,0.0
ENSG00000092068,SLC7A8,0.0
ENSG00000275552,ENSG00000275552,0.0
ENSG00000259054,LINC02332,0.0
ENSG00000169385,RNASE2,0.0
ENSG00000259130,ENSG00000259130,0.0
ENSG00000258573,RNASE11-AS1,0.0
ENSG00000187537,POTEG,0.0
ENSG00000274827,LINC01297,0.0
ENSG00000260910,SWINGN,0.0
ENSG00000258537,FRMD6-AS2,0.0
ENSG00000259007,ENSG00000259007,0.0
ENSG00000235269,LINC02331,0.0
ENSG00000258413,FBXO34-AS1,0.0
ENSG00000100721,TCL1A,0.0
ENSG00000258572,SYNE3-AS1,0.0
ENSG00000133937,GSC,0.0
ENSG00000170099,SERPINA6,0.0
ENSG00000258987,ENSG00000258987,0.0
ENSG00000258481,ENSG00000258481,0.0
ENSG00000260810,ENSG00000260810,0.0
ENSG00000287663,ENSG00000287663,0.0
ENSG00000233208,LINC00642,0.0
ENSG00000258789,ENSG00000258789,0.0
ENSG00000259107,LINC00911,0.0
ENSG00000258977,LINC01467,0.0
ENSG00000258602,LINC01629,0.0
ENSG00000170345,FOS,0.0
ENSG00000285936,ENSG00000285936,0.0
ENSG00000182732,RGS6,0.0
ENSG00000258517,ENSG00000258517,0.0
ENSG00000245466,TTC9-DT,0.0
ENSG00000100678,SLC8A3,0.0
ENSG00000182185,RAD51B,0.0
ENSG00000258561,ENSG00000258561,0.0
ENSG00000179600,GPHB5,0.0
ENSG00000140015,KCNH5,0.0
ENSG00000139970,RTN1,0.0
ENSG00000165617,DACT1,0.0
ENSG00000155974,GRIP1,0.0
ENSG00000284730,TMDD1,0.0
ENSG00000258214,ENSG00000258214,0.0
ENSG00000070031,SCT,0.0
ENSG00000142089,IFITM3,0.0
ENSG00000142102,PGGHG,0.0
ENSG00000130643,CALY,0.0
ENSG00000273980,ENSG00000273980,0.0
ENSG00000151650,VENTX,0.0
ENSG00000235010,JAKMIP3-AS1,0.0
ENSG00000285529,ENSG00000285529,0.0
ENSG00000287997,EBF3-AS1,0.0
ENSG00000278484,ENSG00000278484,0.0
ENSG00000288172,ENSG00000288172,0.0
ENSG00000170370,EMX2,0.0
ENSG00000234474,MIR3663HG,0.0
ENSG00000107518,ATRNL1,0.0
ENSG00000148735,PLEKHS1,0.0
ENSG00000203867,RBM20,0.0
ENSG00000138166,DUSP5,0.0
ENSG00000229981,LINC01435,0.0
ENSG00000108018,SORCS1,0.0
ENSG00000225768,LINC02620,0.0
ENSG00000148798,INA,0.0
ENSG00000225208,ENSG00000225208,0.0
ENSG00000107593,PKD2L1,0.0
ENSG00000120054,CPN1,0.0
ENSG00000287261,HPS1-AS1,0.0
ENSG00000187553,CYP26C1,0.0
ENSG00000174721,FGFBP3,0.0
ENSG00000224851,LINC00502,0.0
ENSG00000184363,PKP3,0.0
ENSG00000149043,SYT8,0.0
ENSG00000152766,ANKRD22,0.0
ENSG00000130595,TNNT3,0.0
ENSG00000248990,LINC02758,0.0
ENSG00000254560,BBOX1-AS1,0.0
ENSG00000254819,ANO3-AS1,0.0
ENSG00000165973,NELL1,0.0
ENSG00000165970,SLC6A5,0.0
ENSG00000166833,NAV2,0.0
ENSG00000183695,MRGPRX2,0.0
ENSG00000134339,SAA2,0.0
ENSG00000188162,OTOG,0.0
ENSG00000006611,USH1C,0.0
ENSG00000287898,ENSG00000287898,0.0
ENSG00000110700,RPS13,0.0
ENSG00000254645,ENSG00000254645,0.0
ENSG00000110680,CALCA,0.0
ENSG00000255411,LINC02548,0.0
ENSG00000254486,LINC02547,0.0
ENSG00000072952,IRAG1,0.0
ENSG00000166407,LMO1,0.0
ENSG00000246820,RIC3-DT,0.0
ENSG00000254951,ENSG00000254951,0.0
ENSG00000255179,ENSG00000255179,0.0
ENSG00000170782,OR10A4,0.0
ENSG00000213934,HBG1,0.0
ENSG00000183734,ASCL2,0.0
ENSG00000180176,TH,0.0
ENSG00000099869,IGF2-AS,0.0
ENSG00000130600,H19,0.0
ENSG00000273124,ENSG00000273124,0.0
ENSG00000184719,RNLS,0.0
ENSG00000257259,LINC02388,0.0
ENSG00000107968,MAP3K8,0.0
ENSG00000231422,LINC01516,0.0
ENSG00000285750,ENSG00000285750,0.0
ENSG00000120549,KIAA1217,0.0
ENSG00000272516,ENSG00000272516,0.0
ENSG00000148488,ST8SIA6,0.0
ENSG00000176244,ACBD7,0.0
ENSG00000065809,FAM107B,0.0
ENSG00000151474,FRMD4A,0.0
ENSG00000286514,ENSG00000286514,0.0
ENSG00000285520,ENSG00000285520,0.0
ENSG00000183049,CAMK1D,0.0
ENSG00000287848,ENSG00000287848,0.0
ENSG00000264006,AKR1C8,0.0
ENSG00000067082,KLF6,0.0
ENSG00000286610,ENSG00000286610,0.0
ENSG00000288234,ENSG00000288234,0.0
ENSG00000172889,EGFL7,0.0
ENSG00000228401,LNCEGFL7OS,0.0
ENSG00000107187,LHX3,0.0
ENSG00000236403,ENSG00000236403,0.0
ENSG00000235138,ENSG00000235138,0.0
ENSG00000225756,DBH-AS1,0.0
ENSG00000261018,ENSG00000261018,0.0
ENSG00000197859,ADAMTSL2,0.0
ENSG00000148303,RPL7A,0.0
ENSG00000286547,ENSG00000286547,0.0
ENSG00000196979,GPRACR,0.0
ENSG00000230500,MKX-AS1,0.0
ENSG00000228800,ENSG00000228800,0.0
ENSG00000198682,PAPSS2,0.0
ENSG00000233387,IATPR,0.0
ENSG00000148671,ADIRF,0.0
ENSG00000122375,OPN4,0.0
ENSG00000287475,ENSG00000287475,0.0
ENSG00000148604,RGR,0.0
ENSG00000233258,ENSG00000233258,0.0
ENSG00000233945,LINC02650,0.0
ENSG00000185737,NRG3,0.0
ENSG00000287358,ENSG00000287358,0.0
ENSG00000138326,RPS24,0.0
ENSG00000204049,ENSG00000204049,0.0
ENSG00000156113,KCNMA1,0.0
ENSG00000075073,TACR2,0.0
ENSG00000183230,CTNNA3,0.0
ENSG00000122877,EGR2,0.0
ENSG00000151150,ANK3,0.0
ENSG00000122870,BICC1,0.0
ENSG00000165606,DRGX,0.0
ENSG00000236208,C10orf71-AS1,0.0
ENSG00000189090,FAM25G,0.0
ENSG00000274209,ANTXRL,0.0
ENSG00000263639,MSMB,0.0
ENSG00000277288,LINC02881,0.0
ENSG00000150201,FXYD4,0.0
ENSG00000234864,LINC02632,0.0
ENSG00000148513,ANKRD30A,0.0
ENSG00000280719,PCAT5,0.0
ENSG00000287278,ENSG00000287278,0.0
ENSG00000249867,LINC02742,0.0
ENSG00000135374,ELF5,0.0
ENSG00000255271,ENSG00000255271,0.0
ENSG00000255648,ENSG00000255648,0.0
ENSG00000134533,RERG,0.0
ENSG00000256306,ENSG00000256306,0.0
ENSG00000013588,GPRC5A,0.0
ENSG00000178878,APOLD1,0.0
ENSG00000180574,EIF2S3B,0.0
ENSG00000255958,GABARAPL1-AS1,0.0
ENSG00000173391,OLR1,0.0
ENSG00000256803,ENSG00000256803,0.0
ENSG00000256660,CLEC12B,0.0
ENSG00000111732,AICDA,0.0
ENSG00000196946,ZNF705A,0.0
ENSG00000059804,SLC2A3,0.0
ENSG00000276718,VAMP1-AS1,0.0
ENSG00000110799,VWF,0.0
ENSG00000047617,ANO2,0.0
ENSG00000185652,NTF3,0.0
ENSG00000255983,ENSG00000255983,0.0
ENSG00000256381,ENSG00000256381,0.0
ENSG00000111241,FGF6,0.0
ENSG00000285734,ENSG00000285734,0.0
ENSG00000151067,CACNA1C,0.0
ENSG00000183715,OPCML,0.0
ENSG00000182667,NTM,0.0
ENSG00000120471,TP53AIP1,0.0
ENSG00000254703,SENCR,0.0
ENSG00000151702,FLI1,0.0
ENSG00000245008,ENSG00000245008,0.0
ENSG00000151491,EPS8,0.0
ENSG00000172572,PDE3A,0.0
ENSG00000255175,LINC02759,0.0
ENSG00000115934,LINC02566,0.0
ENSG00000258001,R3HDM2-DT,0.0
ENSG00000229117,RPL41,0.0
ENSG00000175398,OR10P1,0.0
ENSG00000197757,HOXC6,0.0
ENSG00000170374,SP7,0.0
ENSG00000167780,SOAT2,0.0
ENSG00000170477,KRT4,0.0
ENSG00000170484,KRT74,0.0
ENSG00000170442,KRT86,0.0
ENSG00000135480,KRT7,0.0
ENSG00000257989,ENSG00000257989,0.0
ENSG00000123358,NR4A1,0.0
ENSG00000172236,TPSAB1,0.0
ENSG00000161798,AQP5,0.0
ENSG00000139549,DHH,0.0
ENSG00000257924,LINC02416,0.0
ENSG00000179715,PCED1B,0.0
ENSG00000257261,SLC38A4-AS1,0.0
ENSG00000257319,DBX2-AS1,0.0
ENSG00000184613,NELL2,0.0
ENSG00000257373,ENSG00000257373,0.0
ENSG00000139174,PRICKLE1,0.0
ENSG00000177340,FLJ13224,0.0
ENSG00000257599,OVCH1-AS1,0.0
ENSG00000275197,ENSG00000275197,0.0
ENSG00000197503,LINC00477,0.0
ENSG00000134532,SOX5,0.0
ENSG00000255087,ENSG00000255087,0.0
ENSG00000218109,KIRREL3-AS3,0.0
ENSG00000149571,KIRREL3,0.0
ENSG00000255475,ENSG00000255475,0.0
ENSG00000255774,LINC02747,0.0
ENSG00000172927,MYEOV,0.0
ENSG00000255741,ENSG00000255741,0.0
ENSG00000167800,TBX10,0.0
ENSG00000254855,KLC2-AS1,0.0
ENSG00000175294,CATSPER1,0.0
ENSG00000175513,TSGA10IP,0.0
ENSG00000173338,KCNK7,0.0
ENSG00000219435,CATSPERZ,0.0
ENSG00000182450,KCNK4,0.0
ENSG00000149742,SLC22A9,0.0
ENSG00000168539,CHRM1,0.0
ENSG00000255118,ENSG00000255118,0.0
ENSG00000124935,SCGB1D2,0.0
ENSG00000167996,FTH1,0.0
ENSG00000256713,PGA5,0.0
ENSG00000256733,LINC02954,0.0
ENSG00000166928,MS4A14,0.0
ENSG00000254952,LINC02705,0.0
ENSG00000255393,OOSP4B,0.0
ENSG00000254477,ENSG00000254477,0.0
ENSG00000189057,FAM111B,0.0
ENSG00000287538,ENSG00000287538,0.0
ENSG00000196666,FAM180B,0.0
ENSG00000255109,LINC02740,0.0
ENSG00000255300,LINC02745,0.0
ENSG00000285751,ENSG00000285751,0.0
ENSG00000255191,ENSG00000255191,0.0
ENSG00000244411,KRTAP5-7,0.0
ENSG00000256007,ARAP1-AS1,0.0
ENSG00000262406,MMP12,0.0
ENSG00000254737,OR10G4,0.0
ENSG00000166250,CLMP,0.0
ENSG00000177098,SCN4B,0.0
ENSG00000177103,DSCAML1,0.0
ENSG00000149305,HTR3B,0.0
ENSG00000255129,TTC12-DT,0.0
ENSG00000288070,ENSG00000288070,0.0
ENSG00000287006,ENSG00000287006,0.0
ENSG00000254580,LINC02719,0.0
ENSG00000152578,GRIA4,0.0
ENSG00000170962,PDGFD,0.0
ENSG00000254987,PDGFDDN,0.0
ENSG00000149968,MMP3,0.0
ENSG00000246211,P4HA3-AS1,0.0
ENSG00000196611,MMP1,0.0
ENSG00000255679,JRKL-AS1,0.0
ENSG00000184384,MAML2,0.0
ENSG00000123901,GPR83,0.0
ENSG00000165323,FAT3,0.0
ENSG00000077498,TYR,0.0
ENSG00000285835,ENSG00000285835,0.0
ENSG00000255382,LINC02734,0.0
ENSG00000245832,MIR4300HG,0.0
ENSG00000254632,ENSG00000254632,0.0
ENSG00000247867,DGAT2-DT,0.0
ENSG00000149273,RPS3,0.0
ENSG00000275438,ENSG00000275438,0.0
ENSG00000175604,ENSG00000175604,0.0
ENSG00000274751,ENSG00000274751,0.0
ENSG00000274469,LINC01746,0.0
ENSG00000277235,ENSG00000277235,0.0
ENSG00000125975,C20orf173,0.0
ENSG00000204183,GDF5-AS1,0.0
ENSG00000125998,FAM83C,0.0
ENSG00000235214,FAM83C-AS1,0.0
ENSG00000125999,BPIFB1,0.0
ENSG00000286311,ENSG00000286311,0.0
ENSG00000088325,TPX2,0.0
ENSG00000125968,ID1,0.0
ENSG00000088320,REM1,0.0
ENSG00000180424,DEFB123,0.0
ENSG00000131068,DEFB118,0.0
ENSG00000100987,VSX1,0.0
ENSG00000149435,GGTLC1,0.0
ENSG00000225056,ENSG00000225056,0.0
ENSG00000101439,CST3,0.0
ENSG00000234646,ENSG00000234646,0.0
ENSG00000230492,ENSG00000230492,0.0
ENSG00000225321,LINC01427,0.0
ENSG00000172264,MACROD2,0.0
ENSG00000182621,PLCB1,0.0
ENSG00000229766,TMX4-AS1,0.0
ENSG00000101323,HAO1,0.0
ENSG00000228482,LINC01713,0.0
ENSG00000228293,IDH3B-DT,0.0
ENSG00000287561,ENSG00000287561,0.0
ENSG00000125900,SIRPD,0.0
ENSG00000278035,ENSG00000278035,0.0
ENSG00000196090,PTPRT,0.0
ENSG00000286222,ENSG00000286222,0.0
ENSG00000227599,PTPRT-AS1,0.0
ENSG00000154654,NCAM2,0.0
ENSG00000154645,CHODL,0.0
ENSG00000279501,ENSG00000279501,0.0
ENSG00000280441,ENSG00000280441,0.0
ENSG00000278961,ENSG00000278961,0.0
ENSG00000280145,ENSG00000280145,0.0
ENSG00000275993,ENSG00000275993,0.0
ENSG00000279784,ENSG00000279784,0.0
ENSG00000196421,C20orf204,0.0
ENSG00000101210,EEF1A2,0.0
ENSG00000286628,ENSG00000286628,0.0
ENSG00000272259,LINC01749,0.0
ENSG00000171858,RPS21,0.0
ENSG00000228340,MIR646HG,0.0
ENSG00000268941,LINC01711,0.0
ENSG00000054796,SPO11,0.0
ENSG00000213714,FAM209B,0.0
ENSG00000287478,ENSG00000287478,0.0
ENSG00000019186,CYP24A1,0.0
ENSG00000236352,ENSG00000236352,0.0
ENSG00000223492,ENSG00000223492,0.0
ENSG00000182463,TSHZ2,0.0
ENSG00000124212,PTGIS,0.0
ENSG00000287107,ENSG00000287107,0.0
ENSG00000124140,SLC12A5,0.0
ENSG00000227477,STK4-DT,0.0
ENSG00000226812,R3HDML-AS1,0.0
ENSG00000125878,TCF15,0.0
ENSG00000273901,ENSG00000273901,0.0
ENSG00000269106,ENSG00000269106,0.0
ENSG00000267224,ENSG00000267224,0.0
ENSG00000130203,APOE,0.0
ENSG00000272396,ENSG00000272396,0.0
ENSG00000242221,PSG2,0.0
ENSG00000231924,PSG1,0.0
ENSG00000105372,RPS19,0.0
ENSG00000273111,LYPD4,0.0
ENSG00000170956,CEACAM3,0.0
ENSG00000269353,ENSG00000269353,0.0
ENSG00000277453,ENSG00000277453,0.0
ENSG00000276445,ENSG00000276445,0.0
ENSG00000186838,SELENOV,0.0
ENSG00000262484,CCER2,0.0
ENSG00000178934,LGALS7B,0.0
ENSG00000267470,ZNF571-AS1,0.0
ENSG00000161270,NPHS1,0.0
ENSG00000269303,GRAMD1A-AS1,0.0
ENSG00000267555,ENSG00000267555,0.0
ENSG00000186326,RGS9BP,0.0
ENSG00000267407,LINC02841,0.0
ENSG00000288072,ENSG00000288072,0.0
ENSG00000267014,LINC01532,0.0
ENSG00000267423,ENSG00000267423,0.0
ENSG00000268296,ENSG00000268296,0.0
ENSG00000269504,ENSG00000269504,0.0
ENSG00000160161,CILP2,0.0
ENSG00000269694,ENSG00000269694,0.0
ENSG00000105664,COMP,0.0
ENSG00000125740,FOSB,0.0
ENSG00000277531,PNMA8C,0.0
ENSG00000134830,C5AR2,0.0
ENSG00000130844,ZNF331,0.0
ENSG00000197213,ZSCAN5B,0.0
ENSG00000187550,SBK2,0.0
ENSG00000269859,ZNF628-DT,0.0
ENSG00000108107,RPL28,0.0
ENSG00000095752,IL11,0.0
ENSG00000276831,ENSG00000276831,0.0
ENSG00000131037,EPS8L1,0.0
ENSG00000167633,KIR3DL1,0.0
ENSG00000244482,LILRA6,0.0
ENSG00000170889,RPS9,0.0
ENSG00000130433,CACNG6,0.0
ENSG00000126583,PRKCG,0.0
ENSG00000187474,FPR3,0.0
ENSG00000105392,CRX,0.0
ENSG00000105509,HAS1,0.0
ENSG00000262874,C19orf84,0.0
ENSG00000167751,KLK2,0.0
ENSG00000161652,IZUMO2,0.0
ENSG00000268047,ENSG00000268047,0.0
ENSG00000224420,ADM5,0.0
ENSG00000142541,RPL13A,0.0
ENSG00000104826,LHB,0.0
ENSG00000087086,FTL,0.0
ENSG00000063177,RPL18,0.0
ENSG00000105479,ODAD1,0.0
ENSG00000105398,SULT2A1,0.0
ENSG00000226043,ENSG00000226043,0.0
ENSG00000224018,ENSG00000224018,0.0
ENSG00000105640,RPL18A,0.0
ENSG00000196468,FGF16,0.0
ENSG00000229807,XIST,0.0
ENSG00000270641,TSIX,0.0
ENSG00000198034,RPS4X,0.0
ENSG00000283599,ENSG00000283599,0.0
ENSG00000147127,RAB41,0.0
ENSG00000186912,P2RY4,0.0
ENSG00000158813,EDA,0.0
ENSG00000234068,PAGE2,0.0
ENSG00000238269,PAGE2B,0.0
ENSG00000187754,SSX7,0.0
ENSG00000237341,SYP-AS1,0.0
ENSG00000102145,GATA1,0.0
ENSG00000224294,PINCR,0.0
ENSG00000287098,ENSG00000287098,0.0
ENSG00000259977,ENSG00000259977,0.0
ENSG00000233928,ENSG00000233928,0.0
ENSG00000120280,TASL,0.0
ENSG00000169306,IL1RAPL1,0.0
ENSG00000189186,DCAF8L2,0.0
ENSG00000236836,PCYT1B-AS1,0.0
ENSG00000165186,PTCHD1,0.0
ENSG00000225882,LINC01456,0.0
ENSG00000126010,GRPR,0.0
ENSG00000205542,TMSB4X,0.0
ENSG00000196664,TLR7,0.0
ENSG00000169933,FRMPD4,0.0
ENSG00000234129,HCCS-DT,0.0
ENSG00000186675,MAGEE2,0.0
ENSG00000165194,PCDH19,0.0
ENSG00000232512,ENSG00000232512,0.0
ENSG00000007952,NOX1,0.0
ENSG00000223641,TTTY17C,0.0
ENSG00000224075,TTTY22,0.0
ENSG00000286050,ENSG00000286050,0.0
ENSG00000124334,IL9R,0.0
ENSG00000155961,RAB39B,0.0
ENSG00000147403,RPL10,0.0
ENSG00000102076,OPN1LW,0.0
ENSG00000067840,PDZD4,0.0
ENSG00000067842,ATP2B3,0.0
ENSG00000225110,PNMA6F,0.0
ENSG00000013619,MAMLD1,0.0
ENSG00000235703,EOLA2-DT,0.0
ENSG00000288098,ENSG00000288098,0.0
ENSG00000165509,MAGEC3,0.0
ENSG00000277215,SPANXA2-OT1,0.0
ENSG00000233093,LINC00892,0.0
ENSG00000102243,VGLL1,0.0
ENSG00000170965,PLAC1,0.0
ENSG00000122122,SASH3,0.0
ENSG00000122121,XPNPEP2,0.0
ENSG00000225689,ENSG00000225689,0.0
ENSG00000287379,ENSG00000287379,0.0
ENSG00000182890,GLUD2,0.0
ENSG00000101892,ATP1B4,0.0
ENSG00000187808,SOWAHD,0.0
ENSG00000147251,DOCK11,0.0
ENSG00000133124,IRS4,0.0
ENSG00000101871,MID1,0.0
ENSG00000230542,LINC00102,0.0
ENSG00000237531,ENSG00000237531,0.0
ENSG00000273188,ENSG00000273188,0.0
ENSG00000184702,SEPTIN5,0.0
ENSG00000184113,CLDN5,0.0
ENSG00000183628,DGCR6,0.0
ENSG00000276095,FAM230F,0.0
ENSG00000274044,FAM230J,0.0
ENSG00000269220,LINC00528,0.0
ENSG00000233922,LINC01694,0.0
ENSG00000237664,LINC00316,0.0
ENSG00000229382,ENSG00000229382,0.0
ENSG00000272825,ENSG00000272825,0.0
ENSG00000232124,ENSG00000232124,0.0
ENSG00000241945,PWP2,0.0
ENSG00000237989,LINC01679,0.0
ENSG00000160200,CBS,0.0
ENSG00000235023,ENSG00000235023,0.0
ENSG00000225431,LINC01671,0.0
ENSG00000177398,UMODL1,0.0
ENSG00000227702,LINC00111,0.0
ENSG00000225330,ENSG00000225330,0.0
ENSG00000183145,RIPPLY3,0.0
ENSG00000236119,ENSG00000236119,0.0
ENSG00000230978,LINC00160,0.0
ENSG00000272958,ENSG00000272958,0.0
ENSG00000159197,KCNE2,0.0
ENSG00000225555,ENSG00000225555,0.0
ENSG00000184221,OLIG1,0.0
ENSG00000166265,CYYR1,0.0
ENSG00000184058,TBX1,0.0
ENSG00000211649,IGLV7-46,0.0
ENSG00000211660,IGLV2-23,0.0
ENSG00000279217,ENSG00000279217,0.0
ENSG00000205632,LINC01310,0.0
ENSG00000229275,ENSG00000229275,0.0
ENSG00000235154,ENSG00000235154,0.0
ENSG00000075218,GTSE1,0.0
ENSG00000279954,ENSG00000279954,0.0
ENSG00000100344,PNPLA3,0.0
ENSG00000100290,BIK,0.0
ENSG00000286659,ENSG00000286659,0.0
ENSG00000100316,RPL3,0.0
ENSG00000249310,APOBEC3B-AS1,0.0
ENSG00000288106,ENSG00000288106,0.0
ENSG00000243902,ELFN2,0.0
ENSG00000280356,ENSG00000280356,0.0
ENSG00000211675,IGLC1,0.0
ENSG00000184459,BPIFC,0.0
ENSG00000100012,SEC14L3,0.0
ENSG00000128250,RFPL1,0.0
ENSG00000224027,ENSG00000224027,0.0
ENSG00000231405,ENSG00000231405,0.0
ENSG00000279914,ENSG00000279914,0.0
ENSG00000286070,ENSG00000286070,0.0
ENSG00000100024,UPB1,0.0
ENSG00000279467,ENSG00000279467,0.0
ENSG00000128218,VPREB3,0.0
ENSG00000211679,IGLC3,0.0
ENSG00000211677,IGLC2,0.0
ENSG00000130518,IQCN,0.0
ENSG00000248099,INSL3,0.0
ENSG00000007516,BAIAP3,0.0
ENSG00000187688,TRPV2,0.0
ENSG00000214978,GSG1L2,0.0
ENSG00000065320,NTN1,0.0
ENSG00000185156,MFSD6L,0.0
ENSG00000183318,SPDYE4,0.0
ENSG00000161970,RPL26,0.0
ENSG00000179111,HES7,0.0
ENSG00000161944,ASGR2,0.0
ENSG00000132514,CLEC10A,0.0
ENSG00000227495,KIF1C-AS1,0.0
ENSG00000234203,ENSG00000234203,0.0
ENSG00000167741,GGT6,0.0
ENSG00000262358,ENSG00000262358,0.0
ENSG00000274758,ENSG00000274758,0.0
ENSG00000263050,DPH1-AS1,0.0
ENSG00000287553,ENSG00000287553,0.0
ENSG00000167711,SERPINF2,0.0
ENSG00000262434,ENSG00000262434,0.0
ENSG00000263015,ENSG00000263015,0.0
ENSG00000167526,RPL13,0.0
ENSG00000205022,PABPN1L,0.0
ENSG00000226180,ENSG00000226180,0.0
ENSG00000268388,FENDRR,0.0
ENSG00000140968,IRF8,0.0
ENSG00000131149,GSE1,0.0
ENSG00000153789,CIBAR2,0.0
ENSG00000250685,ENSG00000250685,0.0
ENSG00000261410,CDH13-AS1,0.0
ENSG00000109061,MYH1,0.0
ENSG00000223979,SMCR2,0.0
ENSG00000260027,HOXB7,0.0
ENSG00000230197,ENSG00000230197,0.0
ENSG00000285486,ENSG00000285486,0.0
ENSG00000004939,SLC4A1,0.0
ENSG00000005102,MEOX1,0.0
ENSG00000267658,RAB5C-AS1,0.0
ENSG00000196859,KRT39,0.0
ENSG00000126353,CCR7,0.0
ENSG00000266208,GJD3-AS1,0.0
ENSG00000287644,ENSG00000287644,0.0
ENSG00000108342,CSF3,0.0
ENSG00000204913,LRRC3C,0.0
ENSG00000108298,RPL19,0.0
ENSG00000204952,FBXO47,0.0
ENSG00000275532,ENSG00000275532,0.0
ENSG00000276085,CCL3L3,0.0
ENSG00000275302,CCL4,0.0
ENSG00000270829,ENSG00000270829,0.0
ENSG00000264622,ENSG00000264622,0.0
ENSG00000197322,TMEM132E-DT,0.0
ENSG00000181374,CCL13,0.0
ENSG00000172156,CCL11,0.0
ENSG00000108691,CCL2,0.0
ENSG00000108684,ASIC2,0.0
ENSG00000266340,ENSG00000266340,0.0
ENSG00000265743,LINC02978,0.0
ENSG00000198242,RPL23A,0.0
ENSG00000264932,ENSG00000264932,0.0
ENSG00000128482,RNF112,0.0
ENSG00000140945,CDH13,0.0
ENSG00000260737,LINC01227,0.0
ENSG00000260706,ENSG00000260706,0.0
ENSG00000171724,VAT1L,0.0
ENSG00000275445,ENSG00000275445,0.0
ENSG00000005187,ACSM3,0.0
ENSG00000066813,ACSM2B,0.0
ENSG00000169347,GP2,0.0
ENSG00000260430,ENSG00000260430,0.0
ENSG00000134419,RPS15A,0.0
ENSG00000260242,ENSG00000260242,0.0
ENSG00000259929,ENSG00000259929,0.0
ENSG00000103489,XYLT1,0.0
ENSG00000262171,ENSG00000262171,0.0
ENSG00000257391,ENSG00000257391,0.0
ENSG00000262097,LINC02185,0.0
ENSG00000259876,ENSG00000259876,0.0
ENSG00000287234,ENSG00000287234,0.0
ENSG00000263279,ENSG00000263279,0.0
ENSG00000166669,ATF7IP2,0.0
ENSG00000183454,GRIN2A,0.0
ENSG00000261617,LINC02177,0.0
ENSG00000287522,ENSG00000287522,0.0
ENSG00000261319,LINC02152,0.0
ENSG00000260289,ENSG00000260289,0.0
ENSG00000276754,ENSG00000276754,0.0
ENSG00000260176,ENSG00000260176,0.0
ENSG00000127561,SYNGR3,0.0
ENSG00000261790,ENSG00000261790,0.0
ENSG00000179580,RNF151,0.0
ENSG00000140988,RPS2,0.0
ENSG00000287739,ENSG00000287739,0.0
ENSG00000122254,HS3ST2,0.0
ENSG00000261090,ENSG00000261090,0.0
ENSG00000159387,IRX6,0.0
ENSG00000140873,ADAMTS18,0.0
ENSG00000276408,ENSG00000276408,0.0
ENSG00000247033,ENSG00000247033,0.0
ENSG00000257017,HP,0.0
ENSG00000260593,ENSG00000260593,0.0
ENSG00000260798,ENSG00000260798,0.0
ENSG00000261396,ENSG00000261396,0.0
ENSG00000168748,CA7,0.0
ENSG00000261742,LINC00922,0.0
ENSG00000140937,CDH11,0.0
ENSG00000260658,ENSG00000260658,0.0
ENSG00000125148,MT2A,0.0
ENSG00000103449,SALL1,0.0
ENSG00000166828,SCNN1G,0.0
ENSG00000261241,LINC02128,0.0
ENSG00000167207,NOD2,0.0
ENSG00000259912,ENSG00000259912,0.0
ENSG00000275263,ENSG00000275263,0.0
ENSG00000261052,SULT1A3,0.0
ENSG00000213648,SULT1A4,0.0
ENSG00000261552,ENSG00000261552,0.0
ENSG00000275807,ENSG00000275807,0.0
ENSG00000103522,IL21R,0.0
ENSG00000274092,ENSG00000274092,0.0
ENSG00000224310,LINC01567,0.0
ENSG00000260264,LINC02194,0.0
ENSG00000186185,KIF18B,0.0
ENSG00000272763,LINC03057,0.0
ENSG00000268673,ENSG00000268673,0.0
ENSG00000099625,CBARP,0.0
ENSG00000116014,KISS1R,0.0
ENSG00000263146,LINC01896,0.0
ENSG00000265843,LINC01029,0.0
ENSG00000264595,ENSG00000264595,0.0
ENSG00000264260,LINC01893,0.0
ENSG00000266743,ENSG00000266743,0.0
ENSG00000285915,ENSG00000285915,0.0
ENSG00000141668,CBLN2,0.0
ENSG00000260457,ENSG00000260457,0.0
ENSG00000263417,GTSCR1,0.0
ENSG00000286642,ENSG00000286642,0.0
ENSG00000263637,ENSG00000263637,0.0
ENSG00000264869,ENSG00000264869,0.0
ENSG00000264634,ENSG00000264634,0.0
ENSG00000265533,DSEL-AS1,0.0
ENSG00000071991,CDH19,0.0
ENSG00000197641,SERPINB13,0.0
ENSG00000171791,BCL2,0.0
ENSG00000267401,ENSG00000267401,0.0
ENSG00000183287,CCBE1,0.0
ENSG00000267257,ENSG00000267257,0.0
ENSG00000267396,ENSG00000267396,0.0
ENSG00000267209,LINC01897,0.0
ENSG00000177511,ST8SIA3,0.0
ENSG00000267732,ENSG00000267732,0.0
ENSG00000265681,RPL17,0.0
ENSG00000184828,ZBTB7C,0.0
ENSG00000064687,ABCA7,0.0
ENSG00000115268,RPS15,0.0
ENSG00000251461,ENSG00000251461,0.0
ENSG00000205922,ONECUT3,0.0
ENSG00000269635,ENSG00000269635,0.0
ENSG00000187912,CLEC17A,0.0
ENSG00000187867,PALM3,0.0
ENSG00000171136,RLN3,0.0
ENSG00000267519,MIR23AHG,0.0
ENSG00000287296,ENSG00000287296,0.0
ENSG00000266975,FARSA-AS1,0.0
ENSG00000267735,ENSG00000267735,0.0
ENSG00000267424,ENSG00000267424,0.0
ENSG00000171223,JUNB,0.0
ENSG00000267089,ENSG00000267089,0.0
ENSG00000105376,ICAM5,0.0
ENSG00000090339,ICAM1,0.0
ENSG00000267289,PIN1-DT,0.0
ENSG00000267612,ENSG00000267612,0.0
ENSG00000287960,ENSG00000287960,0.0
ENSG00000233927,RPS28,0.0
ENSG00000268149,ENSG00000268149,0.0
ENSG00000268120,ENSG00000268120,0.0
ENSG00000104938,CLEC4M,0.0
ENSG00000090659,CD209,0.0
ENSG00000104921,FCER2,0.0
ENSG00000198723,SAXO5,0.0
ENSG00000268536,ENSG00000268536,0.0
ENSG00000226800,CACTIN-AS1,0.0
ENSG00000267231,ENSG00000267231,0.0
ENSG00000267201,LINC01775,0.0
ENSG00000215474,SKOR2,0.0
ENSG00000287943,ENSG00000287943,0.0
ENSG00000132874,SLC14A2,0.0
ENSG00000152217,SETBP1,0.0
ENSG00000171246,NPTX1,0.0
ENSG00000276863,ENSG00000276863,0.0
ENSG00000204278,TMEM235,0.0
ENSG00000267790,LINC01987,0.0
ENSG00000267535,LINC00868,0.0
ENSG00000176170,SPHK1,0.0
ENSG00000129654,FOXJ1,0.0
ENSG00000267342,ENSG00000267342,0.0
ENSG00000182938,OTOP3,0.0
ENSG00000182040,USH1G,0.0
ENSG00000167850,CD300C,0.0
ENSG00000178789,CD300LB,0.0
ENSG00000267109,ENSG00000267109,0.0
ENSG00000153822,KCNJ16,0.0
ENSG00000237560,LINC01497,0.0
ENSG00000154217,PITPNC1,0.0
ENSG00000261371,PECAM1,0.0
ENSG00000007312,CD79B,0.0
ENSG00000136492,BRIP1,0.0
ENSG00000187013,LINC02875,0.0
ENSG00000121101,TEX14,0.0
ENSG00000265206,MIR142HG,0.0
ENSG00000286788,ENSG00000286788,0.0
ENSG00000141194,OR4D1,0.0
ENSG00000278642,ENSG00000278642,0.0
ENSG00000226364,LINC02089,0.0
ENSG00000167080,B4GALNT2,0.0
ENSG00000185168,LINC00482,0.0
ENSG00000185332,TMEM105,0.0
ENSG00000184009,ACTG1,0.0
ENSG00000267079,ENSG00000267079,0.0
ENSG00000132872,SYT4,0.0
ENSG00000267313,KC6,0.0
ENSG00000267374,MIR924HG,0.0
ENSG00000268566,ENSG00000268566,0.0
ENSG00000285940,ENSG00000285940,0.0
ENSG00000286890,ENSG00000286890,0.0
ENSG00000274918,ENSG00000274918,0.0
ENSG00000287803,ENSG00000287803,0.0
ENSG00000170558,CDH2,0.0
ENSG00000265786,LINC01906,0.0
ENSG00000267393,ENSG00000267393,0.0
ENSG00000168675,LDLRAD4,0.0
ENSG00000154864,PIEZO2,0.0
ENSG00000263063,ENSG00000263063,0.0
ENSG00000266604,LINC01887,0.0
ENSG00000287563,ENSG00000287563,0.0
ENSG00000260913,LINC01254,0.0
ENSG00000264876,ENSG00000264876,0.0
ENSG00000173482,PTPRM,0.0
ENSG00000264475,ENSG00000264475,0.0
ENSG00000088756,ARHGAP28,0.0
ENSG00000206432,TMEM200C,0.0
ENSG00000170579,DLGAP1,0.0
ENSG00000272625,ENSG00000272625,0.0
ENSG00000263551,ENSG00000263551,0.0
ENSG00000158270,COLEC12,0.0
ENSG00000235007,ENSG00000235007,0.0
ENSG00000287955,ENSG00000287955,0.0
ENSG00000197958,RPL12,0.0
ENSG00000224957,LINC01266,0.0
ENSG00000286748,ENSG00000286748,0.0
ENSG00000071677,PRLH,0.0
ENSG00000072080,SPP2,0.0
ENSG00000144481,TRPM8,0.0
ENSG00000187514,PTMA,0.0
ENSG00000204128,C2orf72,0.0
ENSG00000153823,PID1,0.0
ENSG00000283428,CCDC195,0.0
ENSG00000234193,ACSL3-AS1,0.0
ENSG00000135903,PAX3,0.0
ENSG00000287529,ENSG00000287529,0.0
ENSG00000224090,ENSG00000224090,0.0
ENSG00000115596,WNT6,0.0
ENSG00000188282,RUFY4,0.0
ENSG00000287498,ENSG00000287498,0.0
ENSG00000115461,IGFBP5,0.0
ENSG00000227824,ENSG00000227824,0.0
ENSG00000235770,LINC00607,0.0
ENSG00000225166,ENSG00000225166,0.0
ENSG00000197585,ENSG00000197585,0.0
ENSG00000272851,ENSG00000272851,0.0
ENSG00000163249,CCNYL1,0.0
ENSG00000232125,DYTN,0.0
ENSG00000225953,SATB2-AS1,0.0
ENSG00000115896,PLCL1,0.0
ENSG00000229056,HECW2-AS1,0.0
ENSG00000271893,ENSG00000271893,0.0
ENSG00000220256,ENSG00000220256,0.0
ENSG00000224239,ENSG00000224239,0.0
ENSG00000163947,ARHGEF3,0.0
ENSG00000144619,CNTN4,0.0
ENSG00000055957,ITIH1,0.0
ENSG00000010319,SEMA3G,0.0
ENSG00000285685,ENSG00000285685,0.0
ENSG00000235016,SEMA3F-AS1,0.0
ENSG00000012223,LTF,0.0
ENSG00000160791,CCR5,0.0
ENSG00000283036,LINC01988,0.0
ENSG00000173811,CCDC13-AS1,0.0
ENSG00000285885,ENSG00000285885,0.0
ENSG00000144668,ITGA9,0.0
ENSG00000144644,GADL1,0.0
ENSG00000287774,ENSG00000287774,0.0
ENSG00000272282,LINC02084,0.0
ENSG00000230891,LINC00692,0.0
ENSG00000174748,RPL15,0.0
ENSG00000233153,UBE2E2-DT,0.0
ENSG00000231304,SGO1-AS1,0.0
ENSG00000286352,ENSG00000286352,0.0
ENSG00000226441,PLCL2-AS1,0.0
ENSG00000154764,WNT7A,0.0
ENSG00000144713,RPL32,0.0
ENSG00000272263,ENSG00000272263,0.0
ENSG00000227929,SRGAP3-AS3,0.0
ENSG00000227110,LMCD1-AS1,0.0
ENSG00000189229,ENSG00000189229,0.0
ENSG00000229642,ENSG00000229642,0.0
ENSG00000223727,ENSG00000223727,0.0
ENSG00000286539,ENSG00000286539,0.0
ENSG00000224063,CALCRL-AS1,0.0
ENSG00000286797,ENSG00000286797,0.0
ENSG00000170396,ZNF804A,0.0
ENSG00000225819,ENSG00000225819,0.0
ENSG00000286957,ENSG00000286957,0.0
ENSG00000272789,ENSG00000272789,0.0
ENSG00000260634,ENSG00000260634,0.0
ENSG00000237524,TEX51,0.0
ENSG00000235774,ENSG00000235774,0.0
ENSG00000286481,ENSG00000286481,0.0
ENSG00000234455,ENSG00000234455,0.0
ENSG00000232140,ENSG00000232140,0.0
ENSG00000175497,DPP10,0.0
ENSG00000226516,FAM138B,0.0
ENSG00000189223,PAX8-AS1,0.0
ENSG00000115008,IL1A,0.0
ENSG00000144136,SLC20A1,0.0
ENSG00000153093,ACOXL,0.0
ENSG00000225328,LINC01594,0.0
ENSG00000232991,GACAT1,0.0
ENSG00000225588,ENSG00000225588,0.0
ENSG00000286101,ENSG00000286101,0.0
ENSG00000230140,NPAS2-AS1,0.0
ENSG00000204640,NMS,0.0
ENSG00000232084,LINC01104,0.0
ENSG00000230393,ENSG00000230393,0.0
ENSG00000213337,ANKRD39,0.0
ENSG00000273265,CNNM3-DT,0.0
ENSG00000158050,DUSP2,0.0
ENSG00000188886,ASTL,0.0
ENSG00000273073,ENSG00000273073,0.0
ENSG00000286208,ENSG00000286208,0.0
ENSG00000224231,LINC01832,0.0
ENSG00000237750,KCNH7-AS1,0.0
ENSG00000283839,ENSG00000283839,0.0
ENSG00000115252,PDE1A,0.0
ENSG00000236153,UBE2E3-DT,0.0
ENSG00000144331,ZNF385B,0.0
ENSG00000227098,ENSG00000227098,0.0
ENSG00000175879,HOXD8,0.0
ENSG00000229750,ENSG00000229750,0.0
ENSG00000138435,CHRNA1,0.0
ENSG00000204335,SP5,0.0
ENSG00000081479,LRP2,0.0
ENSG00000227617,CERS6-AS1,0.0
ENSG00000182263,FIGN,0.0
ENSG00000078098,FAP,0.0
ENSG00000144227,NXPH2,0.0
ENSG00000136535,TBR1,0.0
ENSG00000136541,ERMN,0.0
ENSG00000283436,LINC01958,0.0
ENSG00000153234,NR4A2,0.0
ENSG00000226383,LINC01876,0.0
ENSG00000144278,GALNT13,0.0
ENSG00000287085,ENSG00000287085,0.0
ENSG00000286234,ENSG00000286234,0.0
ENSG00000228064,ENSG00000228064,0.0
ENSG00000162947,LINC01931,0.0
ENSG00000168702,LRP1B,0.0
ENSG00000287147,ENSG00000287147,0.0
ENSG00000162267,ITIH3,0.0
ENSG00000283148,ENSG00000283148,0.0
ENSG00000228487,ENSG00000228487,0.0
ENSG00000261121,LINC02473,0.0
ENSG00000249441,ENSG00000249441,0.0
ENSG00000137440,FGFBP1,0.0
ENSG00000287360,ENSG00000287360,0.0
ENSG00000251210,LINC02270,0.0
ENSG00000248300,LINC02360,0.0
ENSG00000181215,C4orf50,0.0
ENSG00000152953,STK32B,0.0
ENSG00000163982,OTOP1,0.0
ENSG00000250986,LINC02600,0.0
ENSG00000145217,SLC26A1,0.0
ENSG00000272885,ENSG00000272885,0.0
ENSG00000272989,LINC02012,0.0
ENSG00000072274,TFRC,0.0
ENSG00000287005,ENSG00000287005,0.0
ENSG00000276407,ENSG00000276407,0.0
ENSG00000226709,FGF12-AS3,0.0
ENSG00000230126,FGF12-AS2,0.0
ENSG00000205835,GMNC,0.0
ENSG00000090530,P3H2,0.0
ENSG00000234238,ENSG00000234238,0.0
ENSG00000283175,ENSG00000283175,0.0
ENSG00000073849,ST6GAL1,0.0
ENSG00000272721,EIF2B5-DT,0.0
ENSG00000287605,ENSG00000287605,0.0
ENSG00000242512,LINC01206,0.0
ENSG00000242808,SOX2-OT,0.0
ENSG00000114757,PEX5L,0.0
ENSG00000145147,SLIT2,0.0
ENSG00000251325,ENSG00000251325,0.0
ENSG00000243384,ENSG00000243384,0.0
ENSG00000286321,ENSG00000286321,0.0
ENSG00000109321,AREG,0.0
ENSG00000250532,ENSG00000250532,0.0
ENSG00000182585,EPGN,0.0
ENSG00000081041,CXCL2,0.0
ENSG00000163734,CXCL3,0.0
ENSG00000163739,CXCL1,0.0
ENSG00000169429,CXCL8,0.0
ENSG00000081051,AFP,0.0
ENSG00000156140,ADAMTS3,0.0
ENSG00000132465,JCHAIN,0.0
ENSG00000286848,ENSG00000286848,0.0
ENSG00000126545,CSN1S1,0.0
ENSG00000213759,UGT2B11,0.0
ENSG00000248049,UBA6-DT,0.0
ENSG00000250125,LINC02232,0.0
ENSG00000150471,ADGRL3,0.0
ENSG00000249066,LINC02496,0.0
ENSG00000109255,NMU,0.0
ENSG00000163440,PDCL2,0.0
ENSG00000260120,ENSG00000260120,0.0
ENSG00000163288,GABRB1,0.0
ENSG00000260878,ENSG00000260878,0.0
ENSG00000183783,KCTD8,0.0
ENSG00000174343,CHRNA9,0.0
ENSG00000251635,LINC02278,0.0
ENSG00000249678,ENSG00000249678,0.0
ENSG00000250064,ENSG00000250064,0.0
ENSG00000272910,ENSG00000272910,0.0
ENSG00000237978,KCNMB2-AS1,0.0
ENSG00000197584,KCNMB2,0.0
ENSG00000223930,ENSG00000223930,0.0
ENSG00000239921,LINC01471,0.0
ENSG00000287784,ENSG00000287784,0.0
ENSG00000180767,CHST13,0.0
ENSG00000159650,UROC1,0.0
ENSG00000173706,HEG1,0.0
ENSG00000160145,KALRN,0.0
ENSG00000065534,MYLK,0.0
ENSG00000051341,POLQ,0.0
ENSG00000272967,ENSG00000272967,0.0
ENSG00000239268,LINC03051,0.0
ENSG00000154175,ABI3BP,0.0
ENSG00000144810,COL8A1,0.0
ENSG00000286447,ENSG00000286447,0.0
ENSG00000044524,EPHA3,0.0
ENSG00000206538,VGLL3,0.0
ENSG00000242339,LINC02025,0.0
ENSG00000239440,LINC02008,0.0
ENSG00000169855,ROBO1,0.0
ENSG00000185008,ROBO2,0.0
ENSG00000163421,PROK2,0.0
ENSG00000242120,MDFIC2,0.0
ENSG00000183662,TAFA1,0.0
ENSG00000241684,ADAMTS9-AS2,0.0
ENSG00000163638,ADAMTS9,0.0
ENSG00000163618,CADPS,0.0
ENSG00000144724,PTPRG,0.0
ENSG00000189283,FHIT,0.0
ENSG00000248243,LINC02014,0.0
ENSG00000196353,CPNE4,0.0
ENSG00000249725,ENSG00000249725,0.0
ENSG00000243629,LINC00880,0.0
ENSG00000231574,LINC02015,0.0
ENSG00000228221,LINC00578,0.0
ENSG00000169760,NLGN1,0.0
ENSG00000285051,SLC7A14-AS1,0.0
ENSG00000239219,FHL1P1,0.0
ENSG00000241479,MECOM-AS1,0.0
ENSG00000085276,MECOM,0.0
ENSG00000241669,LINC01327,0.0
ENSG00000121871,SLITRK3,0.0
ENSG00000196542,SPTSSB,0.0
ENSG00000118849,RARRES1,0.0
ENSG00000168779,SHOX2,0.0
ENSG00000240596,KCNAB1-AS2,0.0
ENSG00000144868,TMEM108,0.0
ENSG00000174948,GPR149,0.0
ENSG00000238755,LINC02006,0.0
ENSG00000174946,GPR171,0.0
ENSG00000243885,ENSG00000243885,0.0
ENSG00000286714,ENSG00000286714,0.0
ENSG00000287198,ENSG00000287198,0.0
ENSG00000153002,CPB1,0.0
ENSG00000144891,AGTR1,0.0
ENSG00000285798,ENSG00000285798,0.0
ENSG00000244124,ATP1B3-AS1,0.0
ENSG00000158258,CLSTN2,0.0
ENSG00000174640,SLCO2A1,0.0
ENSG00000274286,ADRA2B,0.0
ENSG00000186281,GPAT2,0.0
ENSG00000286698,ENSG00000286698,0.0
ENSG00000203864,LINC02868,0.0
ENSG00000156097,GPR61,0.0
ENSG00000230489,VAV3-AS1,0.0
ENSG00000162631,NTNG1,0.0
ENSG00000225938,S1PR1-DT,0.0
ENSG00000237435,LINC02790,0.0
ENSG00000228971,LINC02607,0.0
ENSG00000286692,ENSG00000286692,0.0
ENSG00000286758,ENSG00000286758,0.0
ENSG00000284846,ENSG00000284846,0.0
ENSG00000016602,CLCA4,0.0
ENSG00000142871,CCN1,0.0
ENSG00000272691,ENSG00000272691,0.0
ENSG00000180869,LINC01555,0.0
ENSG00000117114,ADGRL2,0.0
ENSG00000117069,ST6GALNAC5,0.0
ENSG00000184005,ST6GALNAC3,0.0
ENSG00000137968,SLC44A5,0.0
ENSG00000178965,ERICH3,0.0
ENSG00000172260,NEGR1,0.0
ENSG00000050628,PTGER3,0.0
ENSG00000237919,LRRC7-AS1,0.0
ENSG00000152760,DYNLT5,0.0
ENSG00000118473,SGIP1,0.0
ENSG00000184588,PDE4B,0.0
ENSG00000158966,CACHD1,0.0
ENSG00000185483,ROR1,0.0
ENSG00000230798,FOXD3-AS1,0.0
ENSG00000134207,SYT6,0.0
ENSG00000272715,ENSG00000272715,0.0
ENSG00000211593,IGKJ5,0.0
ENSG00000236866,TENT5C-DT,0.0
ENSG00000163534,FCRL1,0.0
ENSG00000143297,FCRL5,0.0
ENSG00000160838,LRRC71,0.0
ENSG00000229953,BCAN-AS2,0.0
ENSG00000132692,BCAN,0.0
ENSG00000132702,HAPLN2,0.0
ENSG00000183856,IQGAP3,0.0
ENSG00000196189,SEMA4A,0.0
ENSG00000229780,UBE2Q1-AS1,0.0
ENSG00000177954,RPS27,0.0
ENSG00000160678,S100A1,0.0
ENSG00000196420,S100A5,0.0
ENSG00000197956,S100A6,0.0
ENSG00000159516,SPRR2G,0.0
ENSG00000244094,SPRR2F,0.0
ENSG00000163216,SPRR2D,0.0
ENSG00000232671,ZNF687-AS1,0.0
ENSG00000231073,ENSG00000231073,0.0
ENSG00000285554,LINC02988,0.0
ENSG00000270882,H4C14,0.0
ENSG00000254539,ENSG00000254539,0.0
ENSG00000273059,ENSG00000273059,0.0
ENSG00000234190,ENSG00000234190,0.0
ENSG00000235887,LINC02799,0.0
ENSG00000224857,LINC01691,0.0
ENSG00000227082,LINC02798,0.0
ENSG00000116882,HAO2,0.0
ENSG00000272226,ENSG00000272226,0.0
ENSG00000177606,JUN,0.0
ENSG00000235038,ENSG00000235038,0.0
ENSG00000173406,DAB1,0.0
ENSG00000169504,CLIC4,0.0
ENSG00000142676,RPL11,0.0
ENSG00000227868,TEX46,0.0
ENSG00000233069,ENSG00000233069,0.0
ENSG00000236963,LINC01141,0.0
ENSG00000226664,ENSG00000226664,0.0
ENSG00000117215,PLA2G2D,0.0
ENSG00000282740,ENSG00000282740,0.0
ENSG00000224174,ENSG00000224174,0.0
ENSG00000271742,ENSG00000271742,0.0
ENSG00000189337,KAZN,0.0
ENSG00000157330,CFAP107,0.0
ENSG00000204518,AADACL4,0.0
ENSG00000120937,NPPB,0.0
ENSG00000116285,ERRFI1,0.0
ENSG00000284716,ENSG00000284716,0.0
ENSG00000269978,ENSG00000269978,0.0
ENSG00000270035,ENSG00000270035,0.0
ENSG00000284668,LINC02780,0.0
ENSG00000227589,TP73-AS3,0.0
ENSG00000162591,MEGF6,0.0
ENSG00000177133,PRDM16-DT,0.0
ENSG00000197921,HES5,0.0
ENSG00000187730,GABRD,0.0
ENSG00000162571,TTLL10,0.0
ENSG00000188290,HES4,0.0
ENSG00000187961,KLHL17,0.0
ENSG00000233755,ENSG00000233755,0.0
ENSG00000284657,ENSG00000284657,0.0
ENSG00000158008,EXTL1,0.0
ENSG00000229372,SZT2-AS1,0.0
ENSG00000187889,FYB2,0.0
ENSG00000143001,TMEM61,0.0
ENSG00000287582,ENSG00000287582,0.0
ENSG00000157211,CDCP2,0.0
ENSG00000272371,ENSG00000272371,0.0
ENSG00000236434,ENSG00000236434,0.0
ENSG00000204006,C1orf185,0.0
ENSG00000237337,ELAVL4-AS1,0.0
ENSG00000186094,AGBL4,0.0
ENSG00000250719,P3R3URF,0.0
ENSG00000226957,ENSG00000226957,0.0
ENSG00000142937,RPS8,0.0
ENSG00000164007,CLDN19,0.0
ENSG00000158014,SLC30A2,0.0
ENSG00000286668,ENSG00000286668,0.0
ENSG00000284632,ENSG00000284632,0.0
ENSG00000284623,LINC02786,0.0
ENSG00000185668,POU3F1,0.0
ENSG00000284650,ENSG00000284650,0.0
ENSG00000234481,ENSG00000234481,0.0
ENSG00000284705,ENSG00000284705,0.0
ENSG00000286379,ENSG00000286379,0.0
ENSG00000224409,ENSG00000224409,0.0
ENSG00000233775,ENSG00000233775,0.0
ENSG00000131914,LIN28A,0.0
ENSG00000236782,ZNF593OS,0.0
ENSG00000158481,CD1C,0.0
ENSG00000163554,SPTA1,0.0
ENSG00000287040,ENSG00000287040,0.0
ENSG00000227630,LINC01132,0.0
ENSG00000236289,GACAT3,0.0
ENSG00000230448,LINC00276,0.0
ENSG00000285876,ENSG00000285876,0.0
ENSG00000162975,KCNF1,0.0
ENSG00000171848,RRM2,0.0
ENSG00000287305,ENSG00000287305,0.0
ENSG00000243491,ENSG00000243491,0.0
ENSG00000240980,ENSG00000240980,0.0
ENSG00000115738,ID2,0.0
ENSG00000285591,ENSG00000285591,0.0
ENSG00000229727,ENSG00000229727,0.0
ENSG00000205837,LINC00487,0.0
ENSG00000232835,ENSG00000232835,0.0
ENSG00000237720,ENSG00000237720,0.0
ENSG00000237667,LINC01115,0.0
ENSG00000260698,ENSG00000260698,0.0
ENSG00000242042,LINC01743,0.0
ENSG00000185420,SMYD3,0.0
ENSG00000282317,ENSG00000282317,0.0
ENSG00000272865,ENSG00000272865,0.0
ENSG00000180287,PLD5,0.0
ENSG00000197769,MAP1LC3C,0.0
ENSG00000117009,KMO,0.0
ENSG00000180875,GREM2,0.0
ENSG00000233735,ENSG00000233735,0.0
ENSG00000155816,FMN2,0.0
ENSG00000133019,CHRM3,0.0
ENSG00000271991,TTC32-DT,0.0
ENSG00000286829,ENSG00000286829,0.0
ENSG00000173557,CIMIP2C,0.0
ENSG00000179915,NRXN1,0.0
ENSG00000211592,IGKC,0.0
ENSG00000115523,GNLY,0.0
ENSG00000066032,CTNNA2,0.0
ENSG00000176204,LRRTM4,0.0
ENSG00000272183,ENSG00000272183,0.0
ENSG00000152672,CLEC4F,0.0
ENSG00000233849,ENSG00000233849,0.0
ENSG00000169605,GKN1,0.0
ENSG00000183607,GKN2,0.0
ENSG00000260101,AFTPH-DT,0.0
ENSG00000055813,CCDC85A,0.0
ENSG00000143947,RPS27A,0.0
ENSG00000170820,FSHR,0.0
ENSG00000157884,CIB4,0.0
ENSG00000226087,ENSG00000226087,0.0
ENSG00000226548,ENSG00000226548,0.0
ENSG00000284701,TMEM247,0.0
ENSG00000143919,CAMKMT,0.0
ENSG00000205086,LINC02898,0.0
ENSG00000236572,ENSG00000236572,0.0
ENSG00000150938,CRIM1,0.0
ENSG00000226994,ENSG00000226994,0.0
ENSG00000272027,ENSG00000272027,0.0
ENSG00000236854,ENSG00000236854,0.0
ENSG00000228563,ENSG00000228563,0.0
ENSG00000213626,LBH,0.0
ENSG00000238005,LNCATV,0.0
ENSG00000230404,ENSG00000230404,0.0
ENSG00000173110,HSPA6,0.0
ENSG00000231768,LINC01354,0.0
ENSG00000066279,ASPM,0.0
ENSG00000227240,ENSG00000227240,0.0
ENSG00000127074,RGS13,0.0
ENSG00000090104,RGS1,0.0
ENSG00000253148,RGS21,0.0
ENSG00000228215,LINC02770,0.0
ENSG00000241505,ENSG00000241505,0.0
ENSG00000225006,ENSG00000225006,0.0
ENSG00000073756,PTGS2,0.0
ENSG00000143341,HMCN1,0.0
ENSG00000224810,ENSG00000224810,0.0
ENSG00000287452,ENSG00000287452,0.0
ENSG00000179452,LINC01699,0.0
ENSG00000237292,LINC01732,0.0
ENSG00000260360,ENSG00000260360,0.0
ENSG00000198797,BRINP2,0.0
ENSG00000228686,ENSG00000228686,0.0
ENSG00000224286,LINC01142,0.0
ENSG00000007908,SELE,0.0
ENSG00000225826,LINC00626,0.0
ENSG00000143185,XCL2,0.0
ENSG00000287218,ENSG00000287218,0.0
ENSG00000236206,ENSG00000236206,0.0
ENSG00000237463,LRRC52-AS1,0.0
ENSG00000237756,ENSG00000237756,0.0
ENSG00000171722,SPATA46,0.0
ENSG00000227094,ENSG00000227094,0.0
ENSG00000225172,ENSG00000225172,0.0
ENSG00000282849,ENSG00000282849,0.0
ENSG00000118193,KIF14,0.0
ENSG00000143476,DTL,0.0
ENSG00000286774,ENSG00000286774,0.0
ENSG00000278467,ENSG00000278467,0.0
ENSG00000154309,DISP1,0.0
ENSG00000286398,ENSG00000286398,0.0
ENSG00000221571,RNU6ATAC35P,0.0
ENSG00000092969,TGFB2,0.0
ENSG00000231814,LINC00210,0.0
ENSG00000196482,ESRRG,0.0
ENSG00000117724,CENPF,0.0
ENSG00000162771,GARIN4,0.0
ENSG00000235862,ENSG00000235862,0.0
ENSG00000162772,ATF3,0.0
ENSG00000224260,ENSG00000224260,0.0
ENSG00000163395,IGFN1,0.0
ENSG00000286198,ENSG00000286198,0.0
ENSG00000287220,ENSG00000287220,0.0
ENSG00000076356,PLXNA2,0.0
ENSG00000117322,CR2,0.0
ENSG00000196352,CD55,0.0
ENSG00000182795,C1orf116,0.0
ENSG00000162897,FCAMR,0.0
ENSG00000174502,SLC26A9,0.0
ENSG00000230550,ERLNC1,0.0
ENSG00000233791,BTG2-DT,0.0
ENSG00000234775,ENSG00000234775,0.0
ENSG00000081277,PKP1,0.0
ENSG00000138755,CXCL9,0.0
ENSG00000169245,CXCL10,0.0
ENSG00000138759,FRAS1,0.0
ENSG00000146966,DENND2A,0.0
ENSG00000181072,CHRM2,0.0
ENSG00000286214,COPG2IT1,0.0
ENSG00000128510,CPA4,0.0
ENSG00000231295,ENSG00000231295,0.0
ENSG00000184408,KCND2,0.0
ENSG00000001626,CFTR,0.0
ENSG00000287592,ENSG00000287592,0.0
ENSG00000287011,ENSG00000287011,0.0
ENSG00000128512,DOCK4,0.0
ENSG00000226965,ENSG00000226965,0.0
ENSG00000091136,LAMB1,0.0
ENSG00000105835,NAMPT,0.0
ENSG00000226869,LHFPL3-AS1,0.0
ENSG00000128564,VGF,0.0
ENSG00000106366,SERPINE1,0.0
ENSG00000227053,MUC12-AS1,0.0
ENSG00000240211,PPP1R35-AS1,0.0
ENSG00000286921,ENSG00000286921,0.0
ENSG00000006128,TAC1,0.0
ENSG00000182348,ZNF804B,0.0
ENSG00000233420,ENSG00000233420,0.0
ENSG00000225128,LINC00972,0.0
ENSG00000153993,SEMA3D,0.0
ENSG00000235139,LINC03017,0.0
ENSG00000186472,PCLO,0.0
ENSG00000075223,SEMA3C,0.0
ENSG00000250990,ENSG00000250990,0.0
ENSG00000157680,DGKI,0.0
ENSG00000204990,ENSG00000204990,0.0
ENSG00000120254,MTHFD1L,0.0
ENSG00000221970,OR2A1,0.0
ENSG00000287185,ENSG00000287185,0.0
ENSG00000104722,NEFM,0.0
ENSG00000042980,ADAM28,0.0
ENSG00000287166,ENSG00000287166,0.0
ENSG00000250714,ENSG00000250714,0.0
ENSG00000179388,EGR3,0.0
ENSG00000261026,ENSG00000261026,0.0
ENSG00000158815,FGF17,0.0
ENSG00000003989,SLC7A2,0.0
ENSG00000164741,DLC1,0.0
ENSG00000283674,ENSG00000283674,0.0
ENSG00000236827,LINC00529,0.0
ENSG00000184647,PRSS55,0.0
ENSG00000198129,DEFB107B,0.0
ENSG00000271743,ENSG00000271743,0.0
ENSG00000253764,KBTBD11-AS1,0.0
ENSG00000198010,DLGAP2,0.0
ENSG00000287184,ENSG00000287184,0.0
ENSG00000106018,VIPR2,0.0
ENSG00000234210,ENSG00000234210,0.0
ENSG00000130675,MNX1,0.0
ENSG00000216895,RBM33-DT,0.0
ENSG00000157219,HTR5A,0.0
ENSG00000130226,DPP6,0.0
ENSG00000281189,GHET1,0.0
ENSG00000106462,EZH2,0.0
ENSG00000236795,CNTNAP2-AS1,0.0
ENSG00000106178,CCL24,0.0
ENSG00000006606,CCL26,0.0
ENSG00000049540,ELN,0.0
ENSG00000175877,TMEM270,0.0
ENSG00000136244,IL6,0.0
ENSG00000105877,DNAH11,0.0
ENSG00000105855,ITGB8,0.0
ENSG00000267055,ENSG00000267055,0.0
ENSG00000173452,TMEM196,0.0
ENSG00000223838,ENSG00000223838,0.0
ENSG00000048052,HDAC9,0.0
ENSG00000106511,MEOX2,0.0
ENSG00000229618,ENSG00000229618,0.0
ENSG00000230333,ENSG00000230333,0.0
ENSG00000287409,ENSG00000287409,0.0
ENSG00000075624,ACTB,0.0
ENSG00000146555,SDK1,0.0
ENSG00000205971,LNCRI,0.0
ENSG00000234471,ENSG00000234471,0.0
ENSG00000286710,ENSG00000286710,0.0
ENSG00000287407,ENSG00000287407,0.0
ENSG00000232640,ENSG00000232640,0.0
ENSG00000260771,ENSG00000260771,0.0
ENSG00000234647,ENSG00000234647,0.0
ENSG00000153303,FRMD1,0.0
ENSG00000229921,KIF25-AS1,0.0
ENSG00000272549,LINC02538,0.0
ENSG00000233365,ENSG00000233365,0.0
ENSG00000112541,PDE10A,0.0
ENSG00000235538,ENSG00000235538,0.0
ENSG00000281692,PACRG-AS1,0.0
ENSG00000122585,NPY,0.0
ENSG00000225792,SNX10-AS1,0.0
ENSG00000233760,LINC03095,0.0
ENSG00000225537,ENSG00000225537,0.0
ENSG00000158321,AUTS2,0.0
ENSG00000227148,ENSG00000227148,0.0
ENSG00000279072,ENSG00000279072,0.0
ENSG00000233288,ENSG00000233288,0.0
ENSG00000231427,LINC01445,0.0
ENSG00000228005,ENSG00000228005,0.0
ENSG00000042813,ZPBP,0.0
ENSG00000286315,ENSG00000286315,0.0
ENSG00000223829,ENSG00000223829,0.0
ENSG00000237760,ENSG00000237760,0.0
ENSG00000229459,ENSG00000229459,0.0
ENSG00000146678,IGFBP1,0.0
ENSG00000238284,LINC01448,0.0
ENSG00000286507,ENSG00000286507,0.0
ENSG00000122641,INHBA,0.0
ENSG00000224017,LINC01449,0.0
ENSG00000272908,ENSG00000272908,0.0
ENSG00000227191,TRGC2,0.0
ENSG00000155849,ELMO1,0.0
ENSG00000237400,ENSG00000237400,0.0
ENSG00000011426,ANLN,0.0
ENSG00000164619,BMPER,0.0
ENSG00000146592,CREB5,0.0
ENSG00000243766,HOTTIP,0.0
ENSG00000254369,HOXA-AS3,0.0
ENSG00000105991,HOXA1,0.0
ENSG00000253476,ENSG00000253476,0.0
ENSG00000253100,ENSG00000253100,0.0
ENSG00000221818,EBF2,0.0
ENSG00000287332,ENSG00000287332,0.0
ENSG00000234394,LINC03025,0.0
ENSG00000184659,FOXD4L4,0.0
ENSG00000277412,ENSG00000277412,0.0
ENSG00000276422,ENSG00000276422,0.0
ENSG00000275450,ENSG00000275450,0.0
ENSG00000283329,FAM240B,0.0
ENSG00000204860,FAM201A,0.0
ENSG00000165304,MELK,0.0
ENSG00000230453,ANKRD18B,0.0
ENSG00000086062,B4GALT1,0.0
ENSG00000122728,TAF1L,0.0
ENSG00000120160,EQTN,0.0
ENSG00000231460,ENSG00000231460,0.0
ENSG00000261696,ENSG00000261696,0.0
ENSG00000155886,SLC24A2,0.0
ENSG00000137154,RPS6,0.0
ENSG00000178031,ADAMTSL1,0.0
ENSG00000226197,ENSG00000226197,0.0
ENSG00000224935,ENSG00000224935,0.0
ENSG00000231902,ENSG00000231902,0.0
ENSG00000107249,GLIS3,0.0
ENSG00000235880,ENSG00000235880,0.0
ENSG00000161016,RPL8,0.0
ENSG00000263612,ENSG00000263612,0.0
ENSG00000160957,RECQL4,0.0
ENSG00000182759,MAFA,0.0
ENSG00000253196,ENSG00000253196,0.0
ENSG00000181778,TMEM252,0.0
ENSG00000083067,TRPM3,0.0
ENSG00000135046,ANXA1,0.0
ENSG00000230030,ENSG00000230030,0.0
ENSG00000167081,PBX3,0.0
ENSG00000239593,ENSG00000239593,0.0
ENSG00000233569,ENSG00000233569,0.0
ENSG00000182752,PAPPA,0.0
ENSG00000041982,TNC,0.0
ENSG00000230601,TEX48,0.0
ENSG00000235119,ENSG00000235119,0.0
ENSG00000119411,BSPRY,0.0
ENSG00000225684,FAM225B,0.0
ENSG00000198121,LPAR1,0.0
ENSG00000165124,SVEP1,0.0
ENSG00000157654,PALM2AKAP2,0.0
ENSG00000119508,NR4A3,0.0
ENSG00000099139,PCSK5,0.0
ENSG00000272438,ENSG00000272438,0.0
ENSG00000106799,TGFBR1,0.0
ENSG00000270412,ENSG00000270412,0.0
ENSG00000204291,COL15A1,0.0
ENSG00000165244,ZNF367,0.0
ENSG00000131668,BARX1,0.0
ENSG00000188312,CENPP,0.0
ENSG00000236115,ENSG00000236115,0.0
ENSG00000226206,ENSG00000226206,0.0
ENSG00000286414,ENSG00000286414,0.0
ENSG00000227463,ENSG00000227463,0.0
ENSG00000267559,ENSG00000267559,0.0
ENSG00000198576,ARC,0.0
ENSG00000244998,ASTILCS,0.0
ENSG00000120907,ADRA1A,0.0
ENSG00000261655,ENSG00000261655,0.0
ENSG00000137558,PI15,0.0
ENSG00000254349,MIR2052HG,0.0
ENSG00000286113,ENSG00000286113,0.0
ENSG00000254277,ENSG00000254277,0.0
ENSG00000240915,ENSG00000240915,0.0
ENSG00000185942,NKAIN3,0.0
ENSG00000206579,XKR4,0.0
ENSG00000164736,SOX17,0.0
ENSG00000260484,ENSG00000260484,0.0
ENSG00000254314,ENSG00000254314,0.0
ENSG00000147485,PXDNL,0.0
ENSG00000147481,SNTG1,0.0
ENSG00000253380,ENSG00000253380,0.0
ENSG00000168333,PPDPFL,0.0
ENSG00000255101,ENSG00000255101,0.0
ENSG00000104368,PLAT,0.0
ENSG00000176907,TCIM,0.0
ENSG00000272128,ENSG00000272128,0.0
ENSG00000253123,ENSG00000253123,0.0
ENSG00000286648,ENSG00000286648,0.0
ENSG00000157168,NRG1,0.0
ENSG00000133863,TEX15,0.0
ENSG00000253112,ENSG00000253112,0.0
ENSG00000157110,RBPMS,0.0
ENSG00000287590,ENSG00000287590,0.0
ENSG00000253182,LINC02948,0.0
ENSG00000259607,ENSG00000259607,0.0
ENSG00000249395,CASC9,0.0
ENSG00000287352,ENSG00000287352,0.0
ENSG00000285744,MITA1,0.0
ENSG00000164756,SLC30A8,0.0
ENSG00000254101,LINC02055,0.0
ENSG00000132297,HHLA1,0.0
ENSG00000147697,GSDMC,0.0
ENSG00000212993,POU5F1B,0.0
ENSG00000253513,SQLE-DT,0.0
ENSG00000170873,MTSS1,0.0
ENSG00000254113,ENSG00000254113,0.0
ENSG00000253258,FAM83A-AS2,0.0
ENSG00000259631,ENSG00000259631,0.0
ENSG00000272384,ENSG00000272384,0.0
ENSG00000255364,SMILR,0.0
ENSG00000170961,HAS2,0.0
ENSG00000104447,TRPS1,0.0
ENSG00000254394,ENSG00000254394,0.0
ENSG00000253207,ENSG00000253207,0.0
ENSG00000164794,KCNV1,0.0
ENSG00000147655,RSPO2,0.0
ENSG00000286766,ENSG00000286766,0.0
ENSG00000147647,DPYS,0.0
ENSG00000155087,ODF1,0.0
ENSG00000156482,RPL30,0.0
ENSG00000253773,CFAP418-AS1,0.0
ENSG00000164949,GEM,0.0
ENSG00000253848,RBM12B-DT,0.0
ENSG00000279847,LINC02906,0.0
ENSG00000287927,ENSG00000287927,0.0
ENSG00000271040,TMEM242-DT,0.0
ENSG00000226599,ENSG00000226599,0.0
ENSG00000249307,LINC01088,0.0
ENSG00000248285,ENSG00000248285,0.0
ENSG00000152931,PART1,0.0
ENSG00000016082,ISL1,0.0
ENSG00000164588,HCN1,0.0
ENSG00000182836,PLCXD3,0.0
ENSG00000145592,RPL37,0.0
ENSG00000248587,GDNF-AS1,0.0
ENSG00000164175,SLC45A2,0.0
ENSG00000113389,NPR3,0.0
ENSG00000287940,ENSG00000287940,0.0
ENSG00000248391,LINC02064,0.0
ENSG00000286182,ENSG00000286182,0.0
ENSG00000250453,ENSG00000250453,0.0
ENSG00000251033,ENSG00000251033,0.0
ENSG00000248874,LINC02899,0.0
ENSG00000249662,LINC02218,0.0
ENSG00000249199,ENSG00000249199,0.0
ENSG00000272417,ENSG00000272417,0.0
ENSG00000249781,LINC02112,0.0
ENSG00000250579,ADAMTS16-DT,0.0
ENSG00000250921,LINC02063,0.0
ENSG00000249994,ENSG00000249994,0.0
ENSG00000288108,ENSG00000288108,0.0
ENSG00000249650,CEP72-DT,0.0
ENSG00000260596,DUX4,0.0
ENSG00000250626,ENSG00000250626,0.0
ENSG00000249378,LINC01060,0.0
ENSG00000251165,F11-AS1,0.0
ENSG00000248529,ENSG00000248529,0.0
ENSG00000049192,ADAMTS6,0.0
ENSG00000227681,ENSG00000227681,0.0
ENSG00000123219,CENPK,0.0
ENSG00000248600,ENSG00000248600,0.0
ENSG00000064692,SNCAIP,0.0
ENSG00000250427,LINC02148,0.0
ENSG00000250891,LINC02208,0.0
ENSG00000249797,LINC02147,0.0
ENSG00000129596,CDO1,0.0
ENSG00000253776,ENSG00000253776,0.0
ENSG00000251026,NIHCOLE,0.0
ENSG00000250958,LINC00492,0.0
ENSG00000286638,ENSG00000286638,0.0
ENSG00000287862,ENSG00000287862,0.0
ENSG00000248708,LINC02144,0.0
ENSG00000164176,EDIL3,0.0
ENSG00000186468,RPS23,0.0
ENSG00000287938,ENSG00000287938,0.0
ENSG00000251450,RASGRF2-AS1,0.0
ENSG00000152413,HOMER1,0.0
ENSG00000171540,OTP,0.0
ENSG00000113231,PDE8B,0.0
ENSG00000164220,F2RL2,0.0
ENSG00000250348,ENSG00000250348,0.0
ENSG00000287701,ENSG00000287701,0.0
ENSG00000271714,FAM169A-AS1,0.0
ENSG00000164326,CARTPT,0.0
ENSG00000248884,ENSG00000248884,0.0
ENSG00000250313,LINC02229,0.0
ENSG00000286062,ENSG00000286062,0.0
ENSG00000154553,PDLIM3,0.0
ENSG00000286821,ENSG00000286821,0.0
ENSG00000218336,TENM3,0.0
ENSG00000286860,ENSG00000286860,0.0
ENSG00000248456,LINC02485,0.0
ENSG00000251598,ENSG00000251598,0.0
ENSG00000248187,ENSG00000248187,0.0
ENSG00000287021,ENSG00000287021,0.0
ENSG00000286734,ENSG00000286734,0.0
ENSG00000286700,ENSG00000286700,0.0
ENSG00000286241,ENSG00000286241,0.0
ENSG00000250950,ENSG00000250950,0.0
ENSG00000109475,RPL34,0.0
ENSG00000155011,DKK2,0.0
ENSG00000248242,ENSG00000248242,0.0
ENSG00000245384,CXXC4-AS1,0.0
ENSG00000251170,ENSG00000251170,0.0
ENSG00000138821,SLC39A8,0.0
ENSG00000164035,EMCN,0.0
ENSG00000249710,DDIT4L-AS1,0.0
ENSG00000196616,ADH1B,0.0
ENSG00000271474,UNC5C-AS1,0.0
ENSG00000182168,UNC5C,0.0
ENSG00000249152,LNCPRESS2,0.0
ENSG00000287392,ENSG00000287392,0.0
ENSG00000184305,CCSER1,0.0
ENSG00000270720,ENSG00000270720,0.0
ENSG00000109339,MAPK10,0.0
ENSG00000231782,LINC00575,0.0
ENSG00000197826,CFAP299,0.0
ENSG00000248408,LINC02469,0.0
ENSG00000251632,LINC02172,0.0
ENSG00000250126,ENSG00000250126,0.0
ENSG00000250195,ENSG00000250195,0.0
ENSG00000249022,ENSG00000249022,0.0
ENSG00000250993,ENSG00000250993,0.0
ENSG00000251504,LINC01099,0.0
ENSG00000287544,ENSG00000287544,0.0
ENSG00000150630,VEGFC,0.0
ENSG00000129116,PALLD,0.0
ENSG00000038295,TLL1,0.0
ENSG00000145416,MARCHF1,0.0
ENSG00000287072,ENSG00000287072,0.0
ENSG00000250180,ENSG00000250180,0.0
ENSG00000120251,GRIA2,0.0
ENSG00000171557,FGG,0.0
ENSG00000249309,ENSG00000249309,0.0
ENSG00000287642,ENSG00000287642,0.0
ENSG00000196782,MAML3,0.0
ENSG00000251249,LINC03074,0.0
ENSG00000145425,RPS3A,0.0
ENSG00000250905,ENSG00000250905,0.0
ENSG00000287292,ENSG00000287292,0.0
ENSG00000251688,LINC02507,0.0
ENSG00000286371,ENSG00000286371,0.0
ENSG00000137473,TTC29,0.0
ENSG00000248809,LINC01095,0.0
ENSG00000250902,SMAD1-AS1,0.0
ENSG00000164161,HHIP,0.0
ENSG00000251600,GUSBP5,0.0
ENSG00000251248,ENSG00000251248,0.0
ENSG00000173926,MARCHF3,0.0
ENSG00000145808,ADAMTS19,0.0
ENSG00000251680,ENSG00000251680,0.0
ENSG00000124635,H2BC11,0.0
ENSG00000287137,ENSG00000287137,0.0
ENSG00000286811,ENSG00000286811,0.0
ENSG00000244694,PTCHD4,0.0
ENSG00000225730,ADGRF5-AS1,0.0
ENSG00000112782,CLIC5,0.0
ENSG00000181577,LINC03040,0.0
ENSG00000137204,SLC22A7,0.0
ENSG00000269387,ENSG00000269387,0.0
ENSG00000124731,TREM1,0.0
ENSG00000188056,TREML4,0.0
ENSG00000161911,TREML1,0.0
ENSG00000287678,ENSG00000287678,0.0
ENSG00000204110,LINC02520,0.0
ENSG00000172738,TMEM217,0.0
ENSG00000189325,BNIP5,0.0
ENSG00000198755,RPL10A,0.0
ENSG00000249346,LINC01016,0.0
ENSG00000231500,RPS18,0.0
ENSG00000204252,HLA-DOA,0.0
ENSG00000237541,HLA-DQA2,0.0
ENSG00000243649,CFB,0.0
ENSG00000227507,LTB,0.0
ENSG00000234006,DDX39B-AS1,0.0
ENSG00000234745,HLA-B,0.0
ENSG00000204644,ZFP57,0.0
ENSG00000286819,ENSG00000286819,0.0
ENSG00000235109,ZSCAN31,0.0
ENSG00000137270,GCM1,0.0
ENSG00000271367,ENSG00000271367,0.0
ENSG00000146147,MLIP,0.0
ENSG00000224506,LINC02523,0.0
ENSG00000285598,ENSG00000285598,0.0
ENSG00000232618,HIVEP2-DT,0.0
ENSG00000236366,ENSG00000236366,0.0
ENSG00000135577,NMBR,0.0
ENSG00000118503,TNFAIP3,0.0
ENSG00000223542,ENSG00000223542,0.0
ENSG00000231023,LINC00326,0.0
ENSG00000112306,RPS12,0.0
ENSG00000256162,SMLR1,0.0
ENSG00000146376,ARHGAP18,0.0
ENSG00000226149,ENSG00000226149,0.0
ENSG00000196569,LAMA2,0.0
ENSG00000286299,ENSG00000286299,0.0
ENSG00000137251,TINAG,0.0
ENSG00000287097,ENSG00000287097,0.0
ENSG00000175967,LINC02880,0.0
ENSG00000118689,FOXO3,0.0
ENSG00000203877,RIPPLY2,0.0
ENSG00000235357,LINC01621,0.0
ENSG00000230309,ENSG00000230309,0.0
ENSG00000271945,ENSG00000271945,0.0
ENSG00000156508,EEF1A1,0.0
ENSG00000185760,KCNQ5,0.0
ENSG00000223765,LINC01626,0.0
ENSG00000135298,ADGRB3,0.0
ENSG00000236345,SCAT8,0.0
ENSG00000261839,ENSG00000261839,0.0
ENSG00000277075,H2AC8,0.0
ENSG00000198108,CHSY3,0.0
ENSG00000273802,H2BC8,0.0
ENSG00000118322,ATP10B,0.0
ENSG00000164330,EBF1,0.0
ENSG00000254350,ENSG00000254350,0.0
ENSG00000253673,ENSG00000253673,0.0
ENSG00000251183,LINC01861,0.0
ENSG00000186335,SLC36A2,0.0
ENSG00000254298,ENSG00000254298,0.0
ENSG00000286657,ENSG00000286657,0.0
ENSG00000253852,ENSG00000253852,0.0
ENSG00000164587,RPS14,0.0
ENSG00000249669,CARMN,0.0
ENSG00000156475,PPP2R2B,0.0
ENSG00000250025,ENSG00000250025,0.0
ENSG00000156463,SH3RF2,0.0
ENSG00000183775,KCTD16,0.0
ENSG00000251205,ENSG00000251205,0.0
ENSG00000204970,PCDHA1,0.0
ENSG00000251387,ENSG00000251387,0.0
ENSG00000250635,CXXC5-AS1,0.0
ENSG00000170476,MZB1,0.0
ENSG00000061492,WNT8A,0.0
ENSG00000250260,ENSG00000250260,0.0
ENSG00000279240,ENSG00000279240,0.0
ENSG00000250167,ENSG00000250167,0.0
ENSG00000248245,ENSG00000248245,0.0
ENSG00000223548,ACSL6-AS1,0.0
ENSG00000234758,ENSG00000234758,0.0
ENSG00000145864,GABRB2,0.0
ENSG00000253236,LINC02143,0.0
ENSG00000254066,LINC01938,0.0
ENSG00000284823,ENSG00000284823,0.0
ENSG00000137261,KIAA0319,0.0
ENSG00000235743,ENSG00000235743,0.0
ENSG00000272168,CASC15,0.0
ENSG00000172201,ID4,0.0
ENSG00000228412,LNC-LBCS,0.0
ENSG00000271888,JARID2-DT,0.0
ENSG00000111859,NEDD9,0.0
ENSG00000230314,ELOVL2-AS1,0.0
ENSG00000153162,BMP6,0.0
ENSG00000285771,ENSG00000285771,0.0
ENSG00000287497,ENSG00000287497,0.0
ENSG00000124785,NRN1,0.0
ENSG00000260239,LINC02533,0.0
ENSG00000234511,C5orf58,0.0
ENSG00000230269,LINC02525,0.0
ENSG00000137273,FOXF2,0.0
ENSG00000248275,TRIM52-AS1,0.0
ENSG00000161055,SCGB3A1,0.0
ENSG00000131459,GFPT2,0.0
ENSG00000175325,PROP1,0.0
ENSG00000184845,DRD1,0.0
ENSG00000249306,LINC01411,0.0
ENSG00000287003,ENSG00000287003,0.0
ENSG00000253686,LINC01484,0.0
ENSG00000253141,ENSG00000253141,0.0
ENSG00000120129,DUSP1,0.0
ENSG00000276345,ENSG00000276345,0.0
