names,scores,logfoldchanges,pvals,pvals_adj,rank
Nedd4,113.3903,391.01242,0.0,0.0,1
Palld,190.102,388.8859,0.0,0.0,2
Itgb1,118.2034,334.47037,0.0,0.0,3
Pdgfrl,129.96378,273.78363,0.0,0.0,4
Arf4,82.53078,202.61859,0.0,0.0,5
Lman1,105.91268,196.28506,0.0,0.0,6
Srpx2,100.84336,189.96992,0.0,0.0,7
Mif,60.571102,184.91226,0.0,0.0,8
App,59.184696,153.16711,0.0,0.0,9
Flna,96.5563,151.66107,0.0,0.0,10
Itgb5,65.680855,150.64708,0.0,0.0,11
Foxp1,129.07831,149.96799,0.0,0.0,12
Tgfb3,116.506935,147.26544,0.0,0.0,13
Arpc2,53.098095,147.19763,0.0,0.0,14
Hsp90aa1,66.73004,130.84346,0.0,0.0,15
Cxcl12,55.817192,129.7204,0.0,0.0,16
Picalm,108.64663,126.29026,0.0,0.0,17
Surf4,98.32095,126.16576,0.0,0.0,18
Wls,97.669,122.25691,0.0,0.0,19
Myh9,114.40863,117.99673,0.0,0.0,20
Enpp1,120.97775,117.65338,0.0,0.0,21
Serpine1,82.9926,117.583015,0.0,0.0,22
Vegfd,75.03505,116.532486,0.0,0.0,23
Hif1a,113.971344,116.51876,0.0,0.0,24
Crlf1,80.25702,107.225,0.0,0.0,25
Eif3a,67.85636,88.29656,0.0,0.0,26
Cct2,69.98484,82.83792,0.0,0.0,27
Prdx5,54.488148,81.05558,0.0,0.0,28
Msn,55.847874,79.273224,0.0,0.0,29
Ctsh,81.2662,78.53279,0.0,0.0,30
Myh10,91.172905,78.23297,0.0,0.0,31
Siva1,84.531876,74.61065,0.0,0.0,32
Igf1,42.78499,74.24561,0.0,0.0,33
Rasl11b,87.948654,72.43661,0.0,0.0,34
Lgals3bp,62.195187,70.14335,0.0,0.0,35
Lrrc17,81.620865,69.948975,0.0,0.0,36
Ppp2ca,63.78946,69.423454,0.0,0.0,37
Ryk,74.842064,66.478035,0.0,0.0,38
Igf2r,80.864716,65.69808,0.0,0.0,39
Cd44,45.04263,65.296295,0.0,0.0,40
Ctnnb1,61.46868,65.086365,0.0,0.0,41
Mrc2,70.82461,63.99797,0.0,0.0,42
Gnai2,42.717785,62.15386,0.0,0.0,43
Fzd2,90.13867,60.949444,0.0,0.0,44
Tcp1,57.222935,60.38369,0.0,0.0,45
Unc5b,88.73764,59.50337,0.0,0.0,46
Cct8,49.451183,58.55742,0.0,0.0,47
Ccl9,44.482567,57.46384,0.0,0.0,48
Sec22b,62.22566,56.436657,0.0,0.0,49
Sdc1,89.787895,53.422234,0.0,0.0,50
Wipi1,74.228455,53.274708,0.0,0.0,51
Itgav,71.959656,50.475914,0.0,0.0,52
Slc39a1,53.123783,49.77657,0.0,0.0,53
Cxcl5,29.435669,49.126923,1.920782370233724e-190,1.4721220106194292e-189,54
Neo1,83.39705,49.092777,0.0,0.0,55
Ccn3,42.080807,48.037544,0.0,0.0,56
Nucb2,64.885704,46.7744,0.0,0.0,57
Plscr2,68.07077,45.02877,0.0,0.0,58
Inhba,57.81656,44.510197,0.0,0.0,59
Taf10,57.813087,44.482754,0.0,0.0,60
Nrg1,60.880905,44.12023,0.0,0.0,61
Grb10,62.290154,43.977543,0.0,0.0,62
Fgfrl1,71.37334,43.265602,0.0,0.0,63
Kctd12,69.0579,42.83722,0.0,0.0,64
Actn4,59.366123,42.774036,0.0,0.0,65
Panx1,73.13808,40.972195,0.0,0.0,66
Cnih1,54.01563,40.348495,0.0,0.0,67
Pdgfa,70.80116,39.58407,0.0,0.0,68
Slit2,67.88377,39.219627,0.0,0.0,69
Bdnf,52.777992,39.06746,0.0,0.0,70
Sipa1l1,67.63488,38.046867,0.0,0.0,71
Smad7,64.90556,37.902325,0.0,0.0,72
Nr2f6,64.6768,37.70736,0.0,0.0,73
Spag9,53.991245,37.459034,0.0,0.0,74
Foxp2,63.300575,36.40691,0.0,0.0,75
Ccdc88a,60.198128,36.270405,0.0,0.0,76
Tgfb1i1,51.790855,35.88629,0.0,0.0,77
Il1r1,56.045494,35.637856,0.0,0.0,78
Kpnb1,62.23987,34.8003,0.0,0.0,79
Antxr1,62.416065,34.723175,0.0,0.0,80
Kdm1a,65.98225,34.655895,0.0,0.0,81
Cltc,48.20574,34.569386,0.0,0.0,82
Rasa1,64.093254,32.947533,0.0,0.0,83
Il13ra1,71.17938,32.588657,0.0,0.0,84
Bet1,60.5582,32.429665,0.0,0.0,85
Cct3,38.766582,32.213463,0.0,0.0,86
Epha7,57.532585,31.964607,0.0,0.0,87
Grb14,55.447487,31.688105,0.0,0.0,88
Mia3,57.829212,31.574652,0.0,0.0,89
Nsd1,60.811543,30.45611,0.0,0.0,90
Tubb3,48.99478,30.357983,0.0,0.0,91
Cdc42,20.173304,30.176178,1.6802817975765396e-90,7.817596285317204e-90,92
Ptpn1,60.95829,29.952639,0.0,0.0,93
Canx,32.313824,29.783241,4.4733403364443495e-229,4.0299302855511814e-228,94
Nrip1,52.801968,29.770536,0.0,0.0,95
Dkk3,74.33859,29.492344,0.0,0.0,96
Vasn,62.26766,29.221704,0.0,0.0,97
Il3ra,62.789005,29.098581,0.0,0.0,98
Trip12,59.093323,28.82447,0.0,0.0,99
Ube2i,32.17596,28.557068,3.829016854717903e-227,3.428552203384821e-226,100
Atp2a2,49.263405,28.356216,0.0,0.0,101
Dnajb11,37.86001,27.7042,0.0,0.0,102
Nrbf2,64.04876,27.240839,0.0,0.0,103
Fas,52.684174,26.545269,0.0,0.0,104
F2r,50.003113,26.412664,0.0,0.0,105
Nr4a2,40.854122,25.688967,0.0,0.0,106
Hspd1,28.403736,24.936968,1.8183358770295763e-177,1.3203477329024169e-176,107
Gria3,54.47326,24.9086,0.0,0.0,108
Bex3,47.6343,24.282843,0.0,0.0,109
Scarb2,39.601036,24.17965,0.0,0.0,110
Efnb1,56.775284,24.021639,0.0,0.0,111
Il33,34.232002,24.01463,8.081787044431507e-257,8.12685788746346e-256,112
Tgfb2,41.09266,22.936735,0.0,0.0,113
Crlf2,56.174538,22.118078,0.0,0.0,114
Dcbld2,53.512806,22.019705,0.0,0.0,115
Acvr1,54.753838,21.960423,0.0,0.0,116
Tmf1,51.711227,21.838802,0.0,0.0,117
Srpra,36.682587,21.709976,1.3842500860723877e-294,1.5926629947937588e-293,118
Adgrl1,52.04415,21.665018,0.0,0.0,119
Pdcd6ip,48.786205,21.386284,0.0,0.0,120
Erbin,52.358902,21.358511,0.0,0.0,121
Nicol1,57.62377,21.215824,0.0,0.0,122
Gipc1,52.663086,21.052307,0.0,0.0,123
Il6,40.321686,20.953287,0.0,0.0,124
Sra1,25.993767,20.936533,5.824554897797385e-149,3.719432582883807e-148,125
Hmgb2,39.54862,20.425194,0.0,0.0,126
Ssc5d,50.98886,20.371326,0.0,0.0,127
Pth1r,53.930717,20.145502,0.0,0.0,128
Jag1,48.399677,19.91911,0.0,0.0,129
Cxcl10,7.0297346,19.695335,2.0692673522430737e-12,5.1521201778574516e-12,130
Tbxa2r,45.23049,19.669783,0.0,0.0,131
Hbegf,38.170506,19.442905,0.0,0.0,132
Smarca4,49.83766,19.312134,0.0,0.0,133
Stat1,44.0466,19.160797,0.0,0.0,134
Plxnb2,47.22895,18.898693,0.0,0.0,135
Cd276,51.684723,18.854599,0.0,0.0,136
Ilk,28.30645,18.747734,2.878519708274213e-176,2.079312355631351e-175,137
Ptprf,46.48601,18.680687,0.0,0.0,138
Creb3,44.70321,18.609673,0.0,0.0,139
Tmeff1,44.43868,18.542759,0.0,0.0,140
Stat3,44.90199,18.294624,0.0,0.0,141
Gsk3b,33.761444,18.198742,7.262380478957459e-250,7.094486736701991e-249,142
Dut,42.681004,18.004702,0.0,0.0,143
Ptpn14,43.13386,17.787973,0.0,0.0,144
Cct4,25.68236,17.62997,1.8402811376591564e-145,1.1521145176953865e-144,145
Lrrc15,28.310463,17.574938,2.5691469909888468e-176,1.8569712690987627e-175,146
Rer1,20.982294,17.570295,9.519010791146724e-98,4.6389220940308797e-97,147
Itga5,32.997375,17.468645,8.858430799759343e-239,8.270553119411679e-238,148
Fzd8,39.135624,17.094458,0.0,0.0,149
Prkcd,49.52902,16.922714,0.0,0.0,150
Gpr176,45.286987,16.84662,0.0,0.0,151
Snx6,36.301674,16.654522,1.5225330460327117e-288,1.7150096843270712e-287,152
Megf6,23.849302,16.653221,1.0296613487578068e-125,5.813009254065046e-125,153
Fzd5,34.94684,16.608347,1.4462928072830108e-267,1.5136412228990692e-266,154
Osmr,45.777683,16.35011,0.0,0.0,155
Pkd2,38.081722,16.25897,0.0,0.0,156
Ogfr,48.025925,16.1707,0.0,0.0,157
Snx4,45.107635,16.13778,0.0,0.0,158
Srprb,44.88492,15.247022,0.0,0.0,159
Cd320,50.345863,15.127314,0.0,0.0,160
Bmpr2,44.493546,15.121673,0.0,0.0,161
Pten,38.24845,15.042921,0.0,0.0,162
Traf4,46.78452,14.983632,0.0,0.0,163
Dlg2,39.61419,14.979374,0.0,0.0,164
Sorcs2,36.73905,14.963969,1.7390050659063842e-295,2.0066946097593896e-294,165
Birc2,41.536785,14.902977,0.0,0.0,166
Atxn2,46.65554,14.685532,0.0,0.0,167
Or6x1,27.023132,14.540635,7.90521480285339e-161,5.3214328543231664e-160,168
Nradd,45.928017,14.516749,0.0,0.0,169
Stx5a,43.066242,14.430006,0.0,0.0,170
Socs5,42.885307,14.407936,0.0,0.0,171
Syne1,42.44237,14.29156,0.0,0.0,172
Bmal1,44.031822,14.216354,0.0,0.0,173
Agrn,36.252502,14.160232,9.074172654915747e-288,1.0182471842364127e-286,174
Smarce1,45.798042,13.989919,0.0,0.0,175
Gpr39,37.063393,13.9443,1.0929210404449104e-300,1.2761190260182514e-299,176
Pdgfc,31.571875,13.864701,8.983880995593155e-219,7.793178589677044e-218,177
Gdf6,29.76604,13.760087,1.0753507571596453e-194,8.380356395535461e-194,178
Itpr2,42.64957,13.622902,0.0,0.0,179
Prkca,42.342823,13.51449,0.0,0.0,180
Brd8,44.96001,13.411995,0.0,0.0,181
Amacr,40.534386,13.38012,0.0,0.0,182
Gnaq,45.959225,13.257376,0.0,0.0,183
Adgra2,38.60003,13.173536,0.0,0.0,184
Ipo4,43.25777,13.142209,0.0,0.0,185
Fer,44.70684,13.137161,0.0,0.0,186
Plscr1,45.20491,12.918127,0.0,0.0,187
Lrp6,42.564358,12.870546,0.0,0.0,188
Itch,44.885178,12.567066,0.0,0.0,189
Rnmt,45.234356,12.3280945,0.0,0.0,190
Scarf2,42.384945,12.281366,0.0,0.0,191
Sphk1,40.592907,12.270616,0.0,0.0,192
Cx3cl1,32.43069,12.096966,1.0139514281084701e-230,9.194067824702562e-230,193
Crebbp,41.835583,12.055105,0.0,0.0,194
Il4ra,36.055256,12.007633,1.1409410657176568e-284,1.2676467033545048e-283,195
Itgb8,31.405283,12.004709,1.7137470770680342e-216,1.4650893849954412e-215,196
Itga9,35.45457,11.997398,2.4663770828736865e-275,2.6565569117446117e-274,197
Homer1,31.657194,11.944741,6.0374210434194045e-220,5.266245290495191e-219,198
Wdr6,33.78449,11.921248,3.332800383552154e-250,3.259796184674345e-249,199
Nes,28.530407,11.910201,4.9170554687946734e-179,3.591396636623345e-178,200
P2rx4,41.343937,11.897897,0.0,0.0,201
Casp3,39.492386,11.874416,0.0,0.0,202
Nectin2,39.076027,11.859114,0.0,0.0,203
Myo1c,43.471424,11.751228,0.0,0.0,204
Ephb3,32.334564,11.247681,2.2867712887689822e-229,2.0608860973678798e-228,205
Med13,38.25766,11.194085,0.0,0.0,206
Rnf4,44.72965,11.004644,0.0,0.0,207
Casp8,45.228874,10.996498,0.0,0.0,208
Ccl5,4.3964777,10.937145,1.1002156891209469e-05,2.3901952024590767e-05,209
Abhd2,37.245434,10.883107,1.2562303567151792e-303,1.4807094439106414e-302,210
Lats1,39.405243,10.697034,0.0,0.0,211
Ykt6,44.365406,10.679284,0.0,0.0,212
Gnai3,39.596325,10.596117,0.0,0.0,213
Smo,39.68573,10.547205,0.0,0.0,214
Smarcd3,41.467598,10.530859,0.0,0.0,215
Strap,33.61774,10.421874,9.235838166432843e-248,8.95565407755789e-247,216
Tiam1,31.47797,10.348961,1.7394751546162454e-217,1.495746000261752e-216,217
Ephb2,26.234093,10.117044,1.085714798736682e-151,7.016598977006612e-151,218
Ednra,34.581554,10.084511,4.784511805391204e-262,4.898784280673846e-261,219
Plxna4,23.313578,9.789202,3.22880114008285e-120,1.7786266728054342e-119,220
Hmmr,13.08048,9.6664,4.257476670894073e-39,1.4012241388210798e-38,221
Nrp2,35.10443,9.625045,5.768910671551555e-270,6.096977135244711e-269,222
Itga11,30.927502,9.609185,5.09979079892314e-210,4.2401322936066e-209,223
Ereg,23.189846,9.607543,5.764858496735513e-119,3.155775725408796e-118,224
Bmpr1a,41.82887,9.561901,0.0,0.0,225
Adgrl2,33.119297,9.459071,1.5677990367940426e-240,1.4765941406743253e-239,226
Fzd1,35.669903,9.439868,1.1580911365837842e-278,1.257713597114739e-277,227
Smurf2,38.20244,9.377794,0.0,0.0,228
Hgf,24.595264,9.320877,1.4195148870209536e-133,8.322253945475786e-133,229
Ipo7,37.85801,9.287975,0.0,0.0,230
Csf2ra,33.376816,9.241701,2.975087797477331e-244,2.841672012301336e-243,231
Egfr,36.782314,9.120621,3.540788483910029e-296,4.0958356894436235e-295,232
Kpna2,35.652027,9.049649,2.1918945968605406e-278,2.376078121727528e-277,233
Ncl,17.770142,9.008148,1.2038748459318109e-70,4.954133751873746e-70,234
Fkbp1b,32.30717,8.696956,5.547589075369741e-229,4.9938872541657264e-228,235
Pycard,33.35515,8.69619,6.134110422073825e-244,5.854295849689124e-243,236
Xpr1,34.119526,8.563347,3.7874022844285618e-255,3.782758112494168e-254,237
Htt,29.85045,8.465626,8.661160058074632e-196,6.7833309592765544e-195,238
Tgfbr1,34.27182,8.3281555,2.063863101451568e-257,2.083355141854166e-256,239
Ptpn2,38.549873,8.32375,0.0,0.0,240
Tyro3,25.486883,8.313742,2.7554407722526773e-143,1.706062030966723e-142,241
Spred1,37.046856,8.232404,2.0178465411022576e-300,2.353755710981552e-299,242
Or4g17,40.086494,8.232056,0.0,0.0,243
Ahr,18.911736,8.128214,9.130187279716526e-80,3.991563089657303e-79,244
Ptpn11,39.748154,8.095721,0.0,0.0,245
Atrn,30.544033,7.971625,6.78661069344226e-205,5.5259059355325625e-204,246
Snap23,39.511646,7.8159213,0.0,0.0,247
Bud31,31.447237,7.670996,4.57895719750789e-217,3.9316447823458326e-216,248
Tafa5,23.4761,7.618024,7.157515499282877e-122,3.980872936391826e-121,249
Gusb,37.630806,7.5688777,6.74191573298494e-310,8.162521349504724e-309,250
Ctf1,24.239931,7.5351276,8.444016114781292e-130,4.868345244013886e-129,251
Ilf3,35.519474,7.509221,2.4605126929349716e-276,2.6562966325327677e-275,252
Trim30a,25.080347,7.4358034,8.149433482697294e-139,4.910657354458999e-138,253
Fem1b,31.56264,7.383504,1.202829193003444e-218,1.0426432428599762e-217,254
Parp1,32.070793,7.3765364,1.1264901411932211e-225,1.0025932036595731e-224,255
Smurf1,29.585024,7.372601,2.3287671131567573e-192,1.7970535112667674e-191,256
Nptn,22.26717,7.364785,7.690884753372832e-110,3.999700324954199e-109,257
Frk,29.21257,7.32976,1.342773673624814e-187,1.017570001433806e-186,258
Ror2,26.052189,7.316156,1.270659461892869e-149,8.138353348528051e-149,259
Gosr2,41.85908,7.177183,0.0,0.0,260
Cnot1,35.687096,7.056169,6.268094859266164e-279,6.81042634179973e-278,261
Map3k7,31.443872,7.0054755,5.0906282185607624e-217,4.3693942278569686e-216,262
Ipo9,32.47192,6.9480615,2.657175082586747e-231,2.414972398067778e-230,263
Dkk2,12.025363,6.944206,2.6143693872156912e-33,8.199976005234609e-33,264
Dvl3,34.43571,6.857958,7.368984246217211e-260,7.50270589999555e-259,265
Mtnr1a,3.8950512,6.8057804,9.81779670592479e-05,0.0002077081737489,266
Sacs,20.81791,6.76879,2.9789958598885473e-96,1.4381128388805919e-95,267
Ubqln1,38.08027,6.7588115,0.0,0.0,268
Megf10,17.94843,6.742213,4.936692962007594e-72,2.0522637179792567e-71,269
Dab2ip,41.093254,6.7270412,0.0,0.0,270
Efna4,20.998562,6.67134,6.760189283138864e-98,3.2992237821698993e-97,271
Stx18,39.877163,6.603135,0.0,0.0,272
Gba1,38.731804,6.561664,0.0,0.0,273
Grb2,41.57283,6.5504932,0.0,0.0,274
Xpo1,34.08125,6.4213386,1.3984985699551549e-254,1.3944252731494605e-253,275
Hyal2,36.02309,6.391957,3.639708539671391e-284,4.0268644222753134e-283,276
Prl2c2,3.4587128,6.3272567,0.0005427631238921,0.0011200950331518,277
Nr2c2,32.01909,6.3201017,5.915215736609891e-225,5.244869028320655e-224,278
Ipo5,35.04414,6.269987,4.788912267386365e-269,5.047697307806038e-268,279
Vdr,14.49949,6.166565,1.2205318756902514e-47,4.305582950370285e-47,280
Snap47,38.153282,6.1165304,0.0,0.0,281
Gabre,19.536118,6.103498,5.414692337127787e-85,2.440382516605522e-84,282
Kpna3,34.13896,6.095796,1.9497327622772296e-255,1.9489901641028538e-254,283
Tnfrsf11b,26.973513,6.092894,3.0235309044835513e-160,2.0295204175847104e-159,284
Ephb6,17.245329,6.0920205,1.2132122587605534e-66,4.876176070134938e-66,285
Dnmt1,24.778568,6.086668,1.5263426183572716e-135,9.065561726984438e-135,286
Ccl17,9.199553,6.0302343,3.5944379429237175e-20,9.950101798875088e-20,287
Nck2,21.033396,6.0123816,3.245649744178006e-98,1.5876059765423208e-97,288
Smad6,24.279116,5.955672,3.258387716223262e-130,1.8827391449341895e-129,289
Il6st,28.27377,5.9256444,7.264381414571132e-176,5.237849615188787e-175,290
Dcaf13,37.322815,5.920783,7.001278903559012e-305,8.297903109933135e-304,291
Raet1d,21.357214,5.8522983,3.341557223631608e-101,1.6578643809998364e-100,292
Frs2,30.248594,5.839428,5.4442229762396206e-201,4.3563005054795425e-200,293
Igfbp2,4.4534793,5.816381,8.448987362438094e-06,1.840744608818947e-05,294
Edn1,24.975729,5.786988,1.1222440019066015e-137,6.716119982020734e-137,295
Pde3a,30.753654,5.784356,1.0926753368374598e-207,8.993060672974787e-207,296
Asxl1,28.267353,5.732166,8.711290191599838e-176,6.277284491024398e-175,297
Ptprd,26.388792,5.7097635,1.8426522047594306e-153,1.2013604120514077e-152,298
Or2d2b,29.382008,5.6938963,9.324648750171355e-190,7.1188599912022505e-189,299
Adora2b,22.31474,5.6633,2.6579155449935058e-110,1.3880747974417778e-109,300
Rnf126,34.796677,5.6456637,2.7305894876664346e-265,2.8376266734786123e-264,301
Jak2,27.776512,5.6113358,8.3386705822044e-170,5.860390890278195e-169,302
Vegfc,34.73571,5.600953,2.2780450266337302e-264,2.3569733497203392e-263,303
Gnb4,44.15216,5.5506682,0.0,0.0,304
Map1a,34.654675,5.487229,3.7985787385637034e-263,3.913049646036337e-262,305
Notch3,32.626205,5.4688354,1.7434272896409885e-233,1.5999027198372099e-232,306
Epha3,13.723696,5.3398094,7.323549740669176e-43,2.4840546873111232e-42,307
Adgra3,31.092297,5.201465,3.0611681552871657e-212,2.576901389737638e-211,308
Eif4enif1,28.73329,5.1743913,1.464994085378959e-181,1.0851246563416868e-180,309
Ctnnd1,37.50165,5.1570673,8.657031205012833e-308,1.0395919374357302e-306,310
Yes1,28.68686,5.111935,5.564974184970309e-181,4.098854232091789e-180,311
Taf11,39.538727,5.0126343,0.0,0.0,312
Tnfsf8,3.8499436,5.012363,0.0001181449854788,0.0002492143866758,313
Itga1,43.44116,5.011323,0.0,0.0,314
Gabra3,24.921318,4.9686203,4.371055854158854e-137,2.609267382640543e-136,315
Tnpo1,33.21161,4.878757,7.319547608076992e-242,6.932439216134187e-241,316
Tnfrsf10b,17.1353,4.8753676,8.093608892004052e-66,3.235936622173793e-65,317
Mrap,32.36887,4.8725567,7.529219070868652e-230,6.80366043125434e-229,318
Fgfr2,12.090421,4.812543,1.1867772942230905e-33,3.73174473733275e-33,319
Xpo6,26.966114,4.6552815,3.6922213148789396e-160,2.4769656256391777e-159,320
Il1r2,15.6289215,4.635211,4.625671053434711e-55,1.7244787871398567e-54,321
Itgb3,13.348824,4.573937,1.203350969391003e-40,4.016441041116983e-40,322
Prpf6,32.617023,4.5727034,2.3530532888176248e-233,2.157665828228304e-232,323
Plxna1,20.682272,4.555487,5.002825976176469e-95,2.3940792622217255e-94,324
Lrrk2,21.820644,4.5479965,1.4776526022236316e-105,7.491657462357675e-105,325
Trim12c,29.295565,4.531782,1.181244954584689e-188,8.968880447523284e-188,326
Ywhag,33.136044,4.530367,8.998004533515843e-241,8.484705193060988e-240,327
Skap1,7.7187996,4.451164,1.1743016791104592e-14,3.0219174160876084e-14,328
Arid1a,35.724308,4.4481106,1.6581368126229878e-279,1.8049239470491982e-278,329
Rtp4,28.885992,4.4394727,1.7904333435234682e-183,1.3324456839120303e-182,330
Robo1,22.997633,4.396258,4.922459090524221e-117,2.6698830350694064e-116,331
Notch1,28.944418,4.3950644,3.299025462916339e-184,2.465241393848366e-183,332
Angpt2,13.0429735,4.390539,6.968541198563514e-39,2.289026723004711e-38,333
Shc1,36.34938,4.3784404,2.687726285467569e-289,3.0390992144102173e-288,334
Sema3d,17.792421,4.321365,8.090827541720594e-71,3.334149291049933e-70,335
Gna13,35.436897,4.2666974,4.616757038596505e-275,4.968219499256856e-274,336
Klrb1a,6.719394,4.2412095,1.824815347822838e-11,4.4704380139932845e-11,337
Cd80,15.071051,4.2400956,2.510895055974549e-51,9.106379873664184e-51,338
Cblb,25.944664,4.2015295,2.088758679590728e-148,1.3302391148722726e-147,339
Fst,26.42089,4.2013397,7.885457097890921e-154,5.151061452137207e-153,340
Plat,24.776691,4.193739,1.5991364896101875e-135,9.493139738899785e-135,341
Asxl2,31.143526,4.17743,6.206413132370785e-213,5.245140772798938e-212,342
Crk,35.891552,4.1617746,4.1378134498486145e-282,4.548128966908987e-281,343
Gja1,22.05189,4.1021495,9.161862019579576e-108,4.694410905954213e-107,344
Ncor2,33.317097,4.0777144,2.1836015364814516e-243,2.0797924150495307e-242,345
Arfgef2,17.968786,4.0612917,3.42123189247075e-72,1.4242671577732038e-71,346
Pik3ca,35.838036,4.051543,2.824712752918903e-281,3.094737473872793e-280,347
Ddr1,23.083164,4.0382557,6.8350567833232745e-118,3.721781380333773e-117,348
Cnih4,25.757921,4.0096574,2.6277079989156873e-146,1.653412110878728e-145,349
Fgf9,9.269273,4.0024843,1.874197183865986e-20,5.203998081591448e-20,350
Fzd6,15.798088,3.997749,3.2069741039732104e-56,1.2058569772357722e-55,351
Rxrb,29.128939,3.9696271,1.54433497606512e-186,1.164710615250134e-185,352
Tnpo2,20.535732,3.932454,1.032453090213101e-93,4.9000551424399545e-93,353
Cbl,28.598598,3.9189107,6.993826323178151e-180,5.128878347711614e-179,354
Cpt1c,26.129215,3.890789,1.6981367566629263e-150,1.0914745123574146e-149,355
Csnk2b,27.438066,3.8472104,9.643774939873272e-166,6.65096665269333e-165,356
Rtn4r,6.649119,3.8425436,2.948532114537059e-11,7.203152040281298e-11,357
Lama4,23.336163,3.8205616,1.904711726033143e-120,1.0502146517420372e-119,358
Sema3b,20.801073,3.8165455,4.232278140905637e-96,2.040633638831028e-95,359
Hspa1b,17.836012,3.8137734,3.712669459833708e-71,1.5336999879456455e-70,360
Itprid2,31.649393,3.801245,7.730283861548619e-220,6.735412581838434e-219,361
Lrig1,21.530119,3.762538,8.132373947970559e-103,4.062059738317035e-102,362
Trim30d,14.207563,3.7379174,8.223784831032286e-46,2.858778829931032e-45,363
Tnfsf15,2.8632774,3.7148175,0.00419283172303,0.0082961030431975,364
Ulbp1,10.727838,3.6859756,7.533840129009192e-27,2.227244526750014e-26,365
Nol3,30.450731,3.6534495,1.1715039805119562e-203,9.493000179647655e-203,366
Drd4,7.7809954,3.596554,7.19560290720554e-15,1.8589886937668387e-14,367
Gpr153,33.544037,3.5561314,1.0998912961116684e-246,1.0634683710787442e-245,368
Sema6c,12.9157095,3.5107017,3.67044557956583e-38,1.1978391134971603e-37,369
Dlg1,28.558146,3.5078282,2.2254313762800755e-179,1.626954953237749e-178,370
Rpgrip1l,15.556589,3.4983234,1.4354711014550532e-54,5.333007689127054e-54,371
Cacng8,2.661488,3.4944057,0.0077796100726473,0.0151606442971705,372
Rigi,29.983871,3.4785082,1.5926834824121776e-197,1.256958788441632e-196,373
Ror1,16.68555,3.4694142,1.669603285646441e-62,6.539164186744252e-62,374
Sh3gl1,28.801537,3.4683752,2.0519727337760823e-182,1.5227661936702746e-181,375
Irs1,20.32172,3.4224434,8.262918410023467e-92,3.8795149227422834e-91,376
Arid5a,19.758099,3.368582,6.833047597926067e-87,3.1158960870774445e-86,377
H2-T22,29.890347,3.3413253,2.6270251557432245e-196,2.0588241938888756e-195,378
Akap5,6.581521,3.3241892,4.6566030432191675e-11,1.1337210934227992e-10,379
Slc39a9,25.067194,3.3136947,1.133953574305088e-138,6.827712816380446e-138,380
Kng2,2.4923382,3.3114226,0.0126905142487121,0.0244384996795067,381
Slc7a1,20.964035,3.3000875,1.397227366811625e-97,6.797921242318723e-97,382
Fzd3,11.791865,3.2334778,4.2991310504012356e-32,1.3344254210450407e-31,383
Pramel13,3.2202077,3.229529,0.0012809774093752,0.0025976963759317,384
Ripk2,21.772968,3.2261417,4.186228475340178e-105,2.1160475672161427e-104,385
Sos1,22.069887,3.2110496,6.154478690192205e-108,3.159637929602914e-107,386
Stx16,32.50957,3.201145,7.80950287002462e-232,7.111344151613398e-231,387
Il1rl2,18.845825,3.1989698,3.179673784441313e-79,1.3872751101272303e-78,388
Plaur,18.338272,3.17597,4.096135504316769e-75,1.7395688016444874e-74,389
Lypd1,9.314932,3.1755104,1.2203047311946492e-20,3.3947495060121084e-20,390
Il1rap,19.504747,3.1594276,1.0005040142964208e-84,4.50322128843288e-84,391
Snx25,12.409055,3.1315181,2.333920843446704e-35,7.441893121362662e-35,392
Fgf18,16.60715,3.119833,6.186347680484509e-62,2.4145359973682183e-61,393
Jmjd6,34.220665,3.108147,1.1916445993401352e-256,1.1972708243731745e-255,394
Elfn1,8.562161,3.1039455,1.1077112092021368e-17,2.969948521289861e-17,395
Ripk1,30.933558,3.0707154,4.2278718560662424e-210,3.517666823252579e-209,396
Amn,4.573643,3.0661225,4.793160305873351e-06,1.0519301271488842e-05,397
Amn1,30.475307,3.038853,5.5367527843141995e-204,4.49428307622975e-203,398
Ep300,28.097187,3.0272193,1.0602855846170508e-173,7.561897884734105e-173,399
Rala,26.370998,3.010376,2.948405586180387e-153,1.91910411549096e-152,400
Usp15,31.752306,2.993564,2.9509320147016927e-221,2.587378066787999e-220,401
Raet1e,14.05517,2.9887366,7.160929880735481e-45,2.471844581511804e-44,402
Efna5,28.690725,2.9842775,4.980243981215638e-181,3.670463122630095e-180,403
Usp33,27.215435,2.967809,4.2652474045591187e-163,2.9017686907572283e-162,404
Cd1d1,13.381631,2.9428325,7.742905241914887e-41,2.588383310490682e-40,405
Dlg3,15.673639,2.8872318,2.2907926901633444e-55,8.559129094329068e-55,406
Prkce,19.438843,2.8779354,3.622431159471292e-84,1.627338273447535e-83,407
Trip4,31.347393,2.8708436,1.0558330210776239e-215,8.99380879584369e-215,408
Synj2bp,35.930656,2.8313272,1.0148573270368005e-282,1.1180944459858331e-281,409
Galr2,6.158472,2.7942586,7.345016564542624e-10,1.753022494402964e-09,410
Pdpk1,29.760529,2.7718036,1.2672715482802319e-194,9.866256177299722e-194,411
Itga2b,14.898857,2.7611327,3.3526739565189037e-50,1.2061150095481729e-49,412
Shc4,6.3098288,2.7436447,2.793445754611452e-10,6.717978229451954e-10,413
Edaradd,2.446095,2.7268348,0.0144412989616209,0.0277286557285359,414
Vmn2r53,18.015936,2.7085454,1.4609116674394634e-72,6.097931524401408e-72,415
Dlg4,31.050991,2.6890218,1.1062168725154731e-211,9.2791011170767e-211,416
Il11,9.795132,2.637434,1.181429086092019e-22,3.3541510147331233e-22,417
Ptprm,22.854313,2.6178873,1.3239840255226965e-115,7.1385132770763765e-115,418
Src,16.556463,2.5795925,1.4380379554741772e-61,5.6006421345845894e-61,419
Plcl1,18.451954,2.5546412,5.0293614458187494e-76,2.147867414783668e-75,420
Trac,12.974816,2.54741,1.700034082842823e-38,5.561842807594228e-38,421
Icam5,3.0679698,2.4990802,0.0021551845222969,0.0043222431304286,422
Fes,22.0716,2.3982797,5.9257342759908784e-108,3.042864550721315e-107,423
Megf11,4.5351386,2.3872027,5.75656600378435e-06,1.2611375030179012e-05,424
Fzd9,5.9982953,2.3764582,1.9939960733704355e-09,4.723243205884783e-09,425
Clec2d,34.420433,2.376311,1.2475059733322565e-259,1.2685035986259676e-258,426
Ngef,12.905797,2.3758156,4.174727435419922e-38,1.3609058342817277e-37,427
Glmn,21.678478,2.375101,3.2753545598608704e-104,1.646459886326317e-103,428
Cnih2,6.8579164,2.365672,6.987212580200096e-12,1.725148409709485e-11,429
Bmpr1b,3.4868948,2.3496678,0.0004886636343772,0.0010098620916556,430
Gna14,7.0418262,2.3437626,1.8973612464364132e-12,4.72759177237073e-12,431
Gpr173,15.472634,2.3178966,5.308958322312893e-54,1.963408556933659e-53,432
Wfikkn2,5.937033,2.305089,2.9022622099161094e-09,6.846533073047881e-09,433
Nfatc4,27.324335,2.2936075,2.180186380190426e-164,1.4935667774500595e-163,434
Gpr21,2.6454675,2.2753108,0.0081578144694322,0.0158767187593688,435
Gpr45,4.914514,2.2214715,8.900287866939169e-07,1.994248716609468e-06,436
Vegfb,37.44442,2.2154067,7.403216980258713e-307,8.85424750838942e-306,437
Tnfsf11,5.0622454,2.1995115,4.143472776484664e-07,9.345265965181348e-07,438
Epha1,7.6298213,2.1988754,2.3507903424207435e-14,6.017992703838776e-14,439
Lif,7.832874,2.1728203,4.768424313400581e-15,1.2354387485667995e-14,440
Pdgfd,17.781057,2.1703203,9.909460301404912e-71,4.07860884787394e-70,441
Slc20a2,16.340809,2.1419554,5.057672282436277e-60,1.947941904181107e-59,442
Prtn3,5.7191415,2.141043,1.0706347595128728e-08,2.5001941329168133e-08,443
Med1,31.515177,2.1390095,5.382253486498109e-218,4.6365503138064126e-217,444
Nutf2,22.001673,2.1367178,2.775569392854214e-107,1.4200070311589644e-106,445
Traf3,16.505215,2.1337302,3.365311073002879e-61,1.3061454626257148e-60,446
Zfp369,11.167521,2.1068063,5.879886940465775e-29,1.770411847300728e-28,447
Acvr2a,12.905979,2.0794284,4.1648593799362926e-38,1.3580638240402423e-37,448
Prl2c3,3.2984142,2.0465634,0.0009723254835624,0.0019830167714754,449
Kpna6,21.323317,2.0020258,6.899244758117714e-101,3.4165002186896966e-100,450
Jak1,21.831997,1.9977785,1.1527213722016666e-105,5.8492871176746655e-105,451
Ccl25,17.115309,1.9970568,1.141072248760137e-65,4.558306711984304e-65,452
Pcsk9,2.9836757,1.9883795,0.0028480855338313,0.0056829387054089,453
Plxna2,16.772755,1.9839687,3.8618365481210224e-63,1.5185690211947174e-62,454
Esrrg,4.1892257,1.9831079,2.7990804418811643e-05,6.016660216368639e-05,455
Mdm2,28.565788,1.9757087,1.7885121403527583e-179,1.308749853385146e-178,456
Tlr6,5.5195947,1.9712919,3.3978271806271265e-08,7.843259633889705e-08,457
Wnt16,4.3489494,1.957067,1.367911965123555e-05,2.9621789996501186e-05,458
Lcor,15.919066,1.9534433,4.6729681989806984e-57,1.7700478163586125e-56,459
Lrp5,22.271614,1.9367312,6.964753856184185e-110,3.6244646582270682e-109,460
Uba3,31.429197,1.9347188,8.078279814764889e-217,6.913661141469619e-216,461
Lgr6,2.5351753,1.933619,0.0112391094412938,0.0217249594200328,462
Homer3,27.661472,1.9270602,2.0312644141100907e-168,1.4220657002280513e-167,463
Asxl3,6.0586495,1.9252086,1.3726916513248295e-09,3.259383745068737e-09,464
Pde4d,13.845897,1.9146794,1.3468933289532709e-43,4.5975386305209844e-43,465
Ntf5,5.0451584,1.9124918,4.531462448642735e-07,1.0213518559102102e-06,466
Sema7a,9.959619,1.8761688,2.2893994565905498e-23,6.535094207145061e-23,467
Vegfa,17.183418,1.8686575,3.5345432365358233e-66,1.4172372396912694e-65,468
Nup42,13.774436,1.8675904,3.63210282758396e-43,1.2351554979896446e-42,469
Gpbar1,3.4163709,1.854914,0.0006346177758276,0.001307028204972,470
Med12,18.263428,1.854097,1.618062995373698e-74,6.847055896403103e-74,471
Smad2,30.013948,1.8253801,6.4541958778146915e-198,5.10735547168713e-197,472
Grin2d,6.2366586,1.8186221,4.470166896221688e-10,1.070781992248783e-09,473
Ywhah,15.970916,1.7971977,2.03771317646952e-57,7.73715205616244e-57,474
Strn,19.303928,1.7932605,4.9777033073497674e-83,2.221392968503851e-82,475
Ncoa6,21.995415,1.7867495,3.1860620924328515e-107,1.6296659308219224e-106,476
P2rx7,10.695115,1.7545505,1.0728626068239752e-26,3.1697420432506715e-26,477
Prmt2,31.752262,1.753227,2.9549775046763213e-221,2.5899637713528527e-220,478
Tsku,19.7627,1.7370284,6.237731968877712e-87,2.846078169535647e-86,479
Pias2,20.810604,1.7304008,3.46940933504295e-96,1.674518142685932e-95,480
Tfr2,9.693074,1.7110038,3.22667327839813e-22,9.124536036040013e-22,481
Or13a25,27.58679,1.7044748,1.6028040617185398e-167,1.1145079405903333e-166,482
Plxnb1,4.6895924,1.6818837,2.7375011985451787e-06,6.050576944964506e-06,483
Thrb,9.63754,1.681863,5.55023958176495e-22,1.5665217966408157e-21,484
Thrap3,30.766096,1.6815927,7.449171198587326e-208,6.133038441332562e-207,485
Bdkrb1,3.314415,1.6805931,0.0009183508614665,0.0018760153678717,486
Eda2r,7.3314514,1.6435406,2.2767298711400154e-13,5.757883970685043e-13,487
Aim2,10.875823,1.6072073,1.5029401751942738e-27,4.4717155659735415e-27,488
Lrp8,3.7604208,1.5650625,0.000169627722897,0.0003558416023579,489
Cxcl9,3.6174748,1.5639889,0.000297491277241,0.0006188499744352,490
Unc5c,7.3277173,1.5610434,2.341059721696267e-13,5.919307609311444e-13,491
Sh2b2,7.8583364,1.5429661,3.8926846053679665e-15,1.0102076803273647e-14,492
Ipo8,21.68227,1.5127394,3.016341015103956e-104,1.517227238453376e-103,493
Vmn1r203,4.0551867,1.5097436,5.009430541237604e-05,0.0001068711694495,494
Ranbp17,4.506638,1.4999286,6.5862858616799474e-06,1.4403727278839183e-05,495
Or6c5,3.7971203,1.4946756,0.0001463867753707,0.0003079349916317,496
Camk2a,2.7675538,1.4694471,0.0056478717764656,0.0111025615206304,497
Notch4,11.20564,1.4665203,3.8257737593303655e-29,1.1539854676177063e-28,498
Ddx54,29.929457,1.4655946,8.144284986006175e-197,6.412538521815062e-196,499
Vmn2r114,2.7432308,1.4380462,0.0060837911847414,0.0119297054270943,500
Scyl2,15.595323,1.4165885,7.832683556459314e-55,2.91455290307381e-54,501
Or6c208,6.2226067,1.3761234,4.88961908326949e-10,1.1701893856728332e-09,502
Robo2,5.579748,1.3650258,2.408670208273644e-08,5.5856272324397943e-08,503
Bmal2,9.280156,1.3640393,1.6923089518504415e-20,4.701167793915004e-20,504
Erbb2,13.668885,1.3467788,1.557638459387228e-42,5.271955588076474e-42,505
Xpo7,25.488499,1.332003,2.6441468005622405e-143,1.6375823695878524e-142,506
Or1ab2,3.4198892,1.3219382,0.0006264663173802,0.0012905774361451,507
Vav2,11.773256,1.3023741,5.361434363383087e-32,1.6613202295352474e-31,508
Mms19,15.978376,1.30209,1.8079453530563688e-57,6.865832344782072e-57,509
Tyk2,13.509826,1.2945625,1.3684556764186442e-41,4.592823463012901e-41,510
Or7g23,9.521963,1.2880635,1.6993806350876146e-21,4.7696138285889415e-21,511
Xpo5,15.084001,1.2708894,2.0637694341188795e-51,7.488217788528733e-51,512
Ly75,2.3771572,1.2521726,0.0174466495474161,0.033304291979919,513
Stx17,23.240461,1.2499504,1.7763802037873758e-119,9.755842081762752e-119,514
Apoa2,4.5928082,1.2415262,4.373210365348737e-06,9.611053408997257e-06,515
Vmn1r88,3.095675,1.2223955,0.0019636543709372,0.0039441734605364,516
Ltb4r1,3.1797771,1.2196844,0.0014738838502746,0.002980702947546,517
Pou5f1,3.7046523,1.217972,0.000211680953541,0.0004426840020887,518
Nr2f1,22.867395,1.1826739,9.811833367445829e-116,5.2914455701469835e-115,519
Pvr,14.065883,1.164123,6.15496842642877e-45,2.126155443121877e-44,520
Ptk2b,6.2989883,1.1606563,2.9959419691530964e-10,7.201296962792844e-10,521
Rapgef2,23.933418,1.1434345,1.3752792024038043e-126,7.807130507084898e-126,522
Nup214,20.594044,1.1420292,3.103574870760322e-94,1.4780149601255965e-93,523
Vmn1r65,2.6666112,1.1253399,0.0076620264130808,0.0149376630821544,524
Plcg1,18.870777,1.0950766,1.9835920522939112e-79,8.659106979714375e-79,525
Or1e33,6.296461,1.0919397,3.0451763349374366e-10,7.318151409864401e-10,526
Olfm2,2.7526016,1.0900134,0.0059123793069893,0.0116070737708108,527
Gpr161,8.342504,1.078332,7.273387808352468e-17,1.929089304076955e-16,528
Gpr135,9.24091,1.0779419,2.4441045794098036e-20,6.779261891761271e-20,529
Acvr1b,7.966805,1.0532004,1.6282959475152033e-15,4.245720121012983e-15,530
Prdm4,13.617204,1.0469167,3.1645387409953466e-42,1.0676984659484516e-41,531
Nppc,3.2732174,1.0389901,0.0010633066138487,0.002163898124039,532
Kdm5d,16.006584,1.0174075,1.1495082935174442e-57,4.3752071223292863e-57,533
Loxl4,3.0656476,1.0132926,0.0021719921401043,0.0043548617554879,534
Plxna3,5.777561,1.00856,7.579113311521368e-09,1.7751733815711082e-08,535
Inha,3.3144293,0.9939192,0.0009183038702665,0.0018760153678717,536
Artn,2.4813411,0.9926997,0.0130889074065842,0.0251851646994889,537
Grk6,22.51318,0.99161273,3.0834858371253176e-112,1.6305130727274932e-111,538
Ager,2.7893376,0.9692611,0.0052815982448054,0.0103963860117124,539
Shank1,3.967529,0.9549227,7.262167727653175e-05,0.0001542068175969,540
Lrp10,27.114815,0.9541335,6.586248966516338e-162,4.4589792730892065e-161,541
Adam17,25.443567,0.9369645,8.316991593035891e-143,5.132070491617053e-142,542
Trbc2,5.5335946,0.9243852,3.1373378810934885e-08,7.253309003553811e-08,543
Csf2rb2,4.0965257,0.9171104,4.1939713879560554e-05,8.969289104111361e-05,544
Flrt3,2.7939923,0.9138322,0.0052061710528756,0.0102513309803248,545
Taf1,25.878908,0.86902934,1.1506627216129956e-147,7.282905720048384e-147,546
Mertk,7.007121,0.86805505,2.432713535243555e-12,6.052572826626081e-12,547
Pick1,12.470273,0.86127144,1.0845389677383552e-35,3.4698489715491915e-35,548
C1d,15.277256,0.8518342,1.0841002316979816e-52,3.972007379081437e-52,549
Or4q3,7.48151,0.8479752,7.347328387268867e-14,1.870164265470667e-13,550
Paqr8,5.379948,0.84740525,7.450729697889223e-08,1.7076817988923088e-07,551
Xpo4,19.969,0.8267648,1.0248334372339524e-88,4.7215897446661185e-88,552
Gnb5,31.784616,0.8224223,1.0561619213824599e-221,9.263869567387702e-221,553
Ptger1,3.3108773,0.8151519,0.0009300399792392,0.0018987445418851,554
Wnt2,3.1046262,0.81489396,0.0019051969188514,0.0038300133123565,555
Vmn1r18,6.4474897,0.8110217,1.1371794651222464e-10,2.752748119046176e-10,556
Or12d2,7.7905498,0.8071788,6.6718293116082045e-15,1.7246145783486256e-14,557
Gtf2h1,25.505297,0.8013399,1.721782108776021e-143,1.0680203569169748e-142,558
Stx6,29.459728,0.80127096,9.449775304442306e-191,7.25424577400818e-190,559
Bnip1,24.535816,0.7871979,6.1293771350322454e-133,3.5828264614352073e-132,560
Erap1,22.306757,0.7840521,3.177068500677515e-110,1.6577321637840426e-109,561
Rnf41,20.51533,0.7673289,1.5710388174866816e-93,7.450212388647442e-93,562
Cspg4,15.89302,0.764427,7.08314480883952e-57,2.6782609817448107e-56,563
Rnd1,4.2842665,0.76133347,1.8334294582840547e-05,3.959718134234951e-05,564
Med24,13.917796,0.75679886,4.938971604328531e-44,1.6915100517013808e-43,565
Vmn2r113,22.764904,0.75547814,1.0215790992133982e-114,5.4780294897888045e-114,566
Hpse,7.750721,0.7478683,9.137222867855912e-15,2.3559692321976262e-14,567
Cdk5r1,2.883601,0.7471294,0.0039315666937743,0.0077915543983256,568
Itga2,4.208047,0.7350322,2.5758717572306228e-05,5.542923091695777e-05,569
Or4a74,14.725001,0.7254663,4.454588994054315e-49,1.5899342192287244e-48,570
Or10ab5,3.693151,0.72175616,0.0002214924489164,0.0004627519136614,571
Nptxr,7.7669296,0.719667,8.041145462440018e-15,2.0758458685059635e-14,572
Shc2,15.86649,0.70217425,1.081204688055148e-56,4.080385994016719e-56,573
Crkl,19.68521,0.6919256,2.8874010728752732e-86,1.311601937353593e-85,574
Vmn2r112,3.427624,0.6786844,0.0006088880865528,0.0012548024334728,575
Il2rg,7.882452,0.67584634,3.210180052652031e-15,8.341877120318331e-15,576
P2rx5,2.5139942,0.6750302,0.011937240326817,0.0230235611790433,577
Vmn2r90,2.3328187,0.6699739,0.019657663250411,0.0373829533562481,578
Nr6a1,6.456684,0.63033843,1.0702203756470019e-10,2.592521330443835e-10,579
Insr,13.637563,0.59565675,2.394300837276693e-42,8.088641315405144e-42,580
Ptprb,28.067364,0.55616564,2.4525263258942688e-173,1.7459651701009204e-172,581
Jak3,6.506734,0.5511007,7.680220657529781e-11,1.865252849593985e-10,582
Vmn1r202,2.9380255,0.5476689,0.0033030984822124,0.0065719751725354,583
Clcf1,6.3468714,0.51270103,2.1973754351310537e-10,5.293646624500828e-10,584
Arhgef11,10.556769,0.43203568,4.7265097491123383e-26,1.3867207400792763e-25,585
Vmn2r115,6.130457,0.4098669,8.76270834591093e-10,2.088637072035944e-09,586
Wnt11,11.260423,0.4084184,2.057694887395342e-29,6.225001400507858e-29,587
Or51ab3,5.40111,0.39958194,6.622973470057095e-08,1.5201754575475524e-07,588
Glrb,3.7699373,0.3718537,0.0001632885212471,0.0003426955273549,589
Grk1,2.9006243,0.3670803,0.0037242012781393,0.0073911408495151,590
Trim37,13.758891,0.3492144,4.503798262640954e-43,1.530487969527291e-42,591
Vmn2r1,2.6683588,0.34314883,0.007622280493024,0.014862628985118,592
H2-Q10,3.7815065,0.33516443,0.0001558821093684,0.0003275590521655,593
Snx27,25.17178,0.3334205,8.162701631899698e-140,4.951493971420205e-139,594
Vmn1r76,5.3440886,0.32938138,9.087312848842049e-08,2.0781432549375353e-07,595
Cacng7,15.233107,0.31632185,2.132151906330172e-52,7.797423777585536e-52,596
Or1l4,14.322328,0.2972916,1.5871667695089192e-46,5.545926961918665e-46,597
Or5m11,6.2550154,0.27597886,3.9747698048990164e-10,9.53081286788343e-10,598
Adgrg2,15.590429,0.26874098,8.456293431735002e-55,3.1456079866301184e-54,599
Or1n1,3.1919856,0.26564267,0.0014129831527294,0.0028602343860333,600
Snap29,20.489346,0.24272937,2.679762849983694e-93,1.2692736771498864e-92,601
Htra2,31.46282,0.23473169,2.8033716644169885e-217,2.4088192828371655e-216,602
Tfrc,3.5508864,0.23181799,0.0003839359335874,0.0007962204290842,603
Nsf,25.007622,0.2286707,5.051166270639916e-138,3.029801891284547e-137,604
Vmn1r6,7.5653524,0.22611186,3.868141480326855e-14,9.876701968090007e-14,605
Nr2c1,15.110721,0.16327552,1.3762631609497948e-51,5.002879674483703e-51,606
Zdhhc17,16.279972,0.15808833,1.369322093156326e-59,5.258455074369303e-59,607
Spg21,25.03964,0.15695344,2.26391269711855e-138,1.361055785661422e-137,608
Mttp,10.366976,0.13237327,3.504404137060967e-25,1.0201815395799496e-24,609
Abhd6,7.8806214,0.13033216,3.257564671283009e-15,8.463147283367351e-15,610
Tm7sf2,15.980425,0.11811505,1.749482846201993e-57,6.645952767793065e-57,611
Mrgpre,2.4306014,0.099382825,0.0150737894990432,0.028884398617417,612
Dgkq,6.8687215,0.0979703,6.477993097850317e-12,1.6002580523355192e-11,613
Ern1,8.686651,0.08265749,3.732802939822878e-18,1.006650739143238e-17,614
Sh3bp1,15.134517,0.082357064,9.588267241869341e-52,3.4897451543943864e-51,615
Vmn1r58,4.25578,0.0719524,2.0832121191828067e-05,4.493840499289231e-05,616
Hilpda,27.6576,0.06086151,2.261154037554106e-168,1.581602591680946e-167,617
Uchl1,17.645472,0.034440845,1.1025097622581412e-69,4.5032652765518856e-69,618
Vmn1r55,8.482442,0.029770352,2.205169468022603e-17,5.890343549040133e-17,619
Gfra2,9.595873,0.018452942,8.321004550627903e-22,2.3437926125731184e-21,620
Ncoa2,19.001272,0.0144277755,1.664612232384238e-80,7.315312658818249e-80,621
Or5m9,2.267852,0.010038552,0.0233382242766769,0.0441618357477678,622
Agt,2.631936,0.0058453945,0.008489984314924,0.0165068663678343,623
Sort1,7.5653186,-0.004596629,3.8691578793203285e-14,9.87822938471957e-14,624
Nxph4,3.4688735,-0.005356414,0.0005226454080667,0.0010791439846105,625
Pdgfrb,51.9845,-0.0061843805,0.0,0.0,626
Angpt1,18.56662,-0.02369093,5.985404429791282e-77,2.572906970629661e-76,627
Med17,18.007704,-0.031342424,1.6951357136707806e-72,7.069350404770039e-72,628
Cnot9,14.584836,-0.032826718,3.507636506894087e-48,1.244986956113377e-47,629
Vmn1r207,3.0253248,-0.053964194,0.0024836628318328,0.0049683773501629,630
Igf1r,26.971085,-0.054504875,3.228334245107172e-160,2.1663773637408098e-159,631
Ntn3,2.8148966,-0.06138951,0.0048792933236995,0.0096173053737571,632
Plau,2.291347,-0.06938448,0.021943351024793,0.0415923523155702,633
Vmn2r76,3.0668135,-0.070616245,0.0021635386314391,0.0043382806462838,634
Or51k1,10.617166,-0.07089345,2.4797660962700342e-26,7.295373640552307e-26,635
Or5d18,4.1083326,-0.102429494,3.985255068436464e-05,8.524468891744791e-05,636
Gfra4,4.1865454,-0.10504598,2.832326103358565e-05,6.0870143651562784e-05,637
Or2d2,2.7359638,-0.12105297,0.0062197854037857,0.0121872709268207,638
Grk2,20.00142,-0.12747693,5.352679622031921e-89,2.4694461982815625e-88,639
Lingo1,6.084435,-0.13373636,1.1690270113130967e-09,2.781384673068761e-09,640
Or4a39,19.68255,-0.13500497,3.0429552187604222e-86,1.3814654088475866e-85,641
Stx1a,6.206019,-0.15366943,5.434367083153277e-10,1.2993742774690106e-09,642
Or10h28,4.1286483,-0.16368991,3.6490221014649925e-05,7.811632323609262e-05,643
Or6z3,5.625439,-0.18384644,1.850365917983205e-08,4.3010719689708026e-08,644
Or2b6,4.2831273,-0.19606626,1.8428467154609023e-05,3.979693021201497e-05,645
Pomc,4.7987947,-0.20247369,1.5962324884285629e-06,3.552012021589363e-06,646
Igf2,2.6078036,-0.20485589,0.0091125199023738,0.0176981039462366,647
Rspo3,5.156337,-0.21274738,2.518277149253887e-07,5.704826368325124e-07,648
Spata2,9.7097225,-0.22438188,2.7408168839056284e-22,7.7571094673777685e-22,649
Tulp3,22.614246,-0.22482717,3.138476167207855e-113,1.6696834582346112e-112,650
Or6c2b,3.889811,-0.2270278,0.000100322313083,0.0002122068019463,651
Kif5c,2.7473273,-0.2321124,0.006008313466271,0.0117875724573744,652
Or6c8,2.4448187,-0.23459359,0.0144924982967763,0.0278201789734379,653
Procr,10.091603,-0.23581715,6.0178720073427246e-24,1.7299276461657845e-23,654
Trak2,17.483303,-0.25989038,1.9204774906768495e-68,7.798452605686413e-68,655
Vmn1r229,2.929529,-0.2630858,0.0033947623299944,0.0067463975262323,656
Or8b53,2.7636404,-0.26644257,0.0057160513543175,0.0112347186753483,657
Or1o1,2.8274481,-0.26980615,0.0046920618987415,0.0092567605537605,658
Or1j15,9.694817,-0.30500194,3.1720713209040365e-22,8.971204103337433e-22,659
Gpr27,2.7414942,-0.30838683,0.0061160459229533,0.0119899676940892,660
Or4f14b,11.545662,-0.3134329,7.764174183732338e-31,2.3824052792146217e-30,661
Notch2,26.224567,-0.31913784,1.3943484992449594e-151,9.008726996899669e-151,662
Tmem35a,5.784096,-0.33315873,7.2903439240243325e-09,1.7080461597835622e-08,663
Pdcl3,20.663363,-0.3649671,7.402629793315705e-95,3.541059504817948e-94,664
Or5l13,5.5470686,-0.37426287,2.9049853079767864e-08,6.725341366237348e-08,665
Tspan9,25.40476,-0.3827474,2.234188368325019e-142,1.3728866661864014e-141,666
Taf4,7.3472104,-0.41558585,2.0238625315069666e-13,5.123315492093673e-13,667
Abl1,22.993937,-0.429838,5.360140641435154e-117,2.9059417510061915e-116,668
Vmn2r59,7.4720182,-0.44465044,7.897398951725511e-14,2.009094891100789e-13,669
Vti1a,18.70744,-0.44925085,4.305664197199092e-78,1.8637363753351608e-77,670
Or4x15,5.1432166,-0.4895675,2.7007385038528106e-07,6.112892315016025e-07,671
Or5ac22,4.422924,-0.48956823,9.737405912371366e-06,2.1181256566546098e-05,672
Or1n2,2.5930984,-0.506135,0.0095115532696289,0.0184551010170778,673
Vmn2r26,7.5899606,-0.51229596,3.2000281286979806e-14,8.178734519365398e-14,674
Axin1,18.954151,-0.51570535,4.080810072199254e-80,1.7877005696479708e-79,675
Pitpnm2,5.2164173,-0.52876484,1.8241697630501093e-07,4.1447397049833233e-07,676
Leprot,19.569675,-0.53990686,2.804590155108776e-85,1.2666773241649024e-84,677
Adipor2,24.773817,-0.5454028,1.7173588437114663e-135,1.018983502821114e-134,678
Or7c70,9.455452,-0.5618037,3.216295964972579e-21,9.00143684699257e-21,679
Gosr1,15.831919,-0.5917822,1.8741864567000716e-56,7.061757583938809e-56,680
Lrif1,26.496464,-0.5996075,1.06456355418882e-154,6.983075732711503e-154,681
Vmn2r66,12.732254,-0.62134624,3.913747474230499e-37,1.2672601657134835e-36,682
Grk4,6.7535334,-0.62746775,1.4428744501911155e-11,3.5428958419973924e-11,683
Gla,7.201404,-0.7090273,5.959557920717444e-13,1.4983578248564844e-12,684
Tnk2,7.2970424,-0.7301098,2.9416224199160593e-13,7.428272736886598e-13,685
Or1r1,2.3454437,-0.73336357,0.0190044490354598,0.0361844341985004,686
Gper1,7.1869774,-0.7526575,6.62412868014358e-13,1.6633203311754172e-12,687
Rarb,7.2092023,-0.7610058,5.628066721913099e-13,1.4154659714470752e-12,688
Timm50,27.51547,-0.7706288,1.146515613988344e-166,7.934909263996097e-166,689
Dock4,9.339758,-0.7726758,9.655474030912547e-21,2.68857658946346e-20,690
S100b,7.9210253,-0.7812191,2.3556005168931784e-15,6.1279338997283875e-15,691
Pecr,18.08358,-0.787801,4.2928445906360454e-73,1.798532849865449e-72,692
Shb,5.825127,-0.802662,5.706909025745681e-09,1.3386583723648337e-08,693
Traf2,19.060394,-0.8065162,5.386761984337764e-81,2.376998035345457e-80,694
Lgr4,10.155535,-0.8133756,3.1308937120749843e-24,9.027690475210353e-24,695
Ipo13,13.373665,-0.81799275,8.618712287653832e-41,2.87993496883111e-40,696
Cnpy4,29.56115,-0.84030235,4.721782889285101e-192,3.6365579924291937e-191,697
Dcaf1,13.6269045,-0.8420321,2.7708598624856157e-42,9.354077577786583e-42,698
Arnt,26.266668,-0.8569046,4.611123284469341e-152,2.9840915918479534e-151,699
Or5p52,2.2920582,-0.85775214,0.0219022862130431,0.0415211799870217,700
Pibf1,16.878668,-0.87472886,6.458535479238213e-64,2.5506949766775757e-63,701
Lrig2,8.793581,-0.9238174,1.448672245514342e-18,3.9287126419396416e-18,702
Vmn1r220,3.8198075,-0.92593384,0.0001335558053504,0.0002812196183083,703
Nbr1,27.59113,-0.93591446,1.4217464013035665e-167,9.894835517145415e-167,704
Amot,3.0988755,-0.9371698,0.0019425664992655,0.0039028122207324,705
Stbd1,26.273998,-0.9573136,3.8024579179961002e-152,2.4621123487112355e-151,706
Ppid,28.547054,-0.97116786,3.0557200431520947e-179,2.2325754141446217e-178,707
P2ry10b,2.2963467,-0.9803737,0.0216560648239173,0.0410708877724409,708
Kdm4c,11.484757,-0.9879819,1.5737615190257999e-30,4.818382480999147e-30,709
Cse1l,18.72412,-1.0016552,3.1484073804471535e-78,1.3645601969457287e-77,710
Slc52a2,16.318066,-1.0108031,7.34250293294878e-60,2.8256315050371965e-59,711
Kpna1,18.030558,-1.0222787,1.1215321471576404e-72,4.686310073944919e-72,712
Tlr3,8.318353,-1.0303297,8.91941051334842e-17,2.36247360098456e-16,713
Il27ra,11.045043,-1.0304817,2.3165569380586876e-28,6.9396818559143005e-28,714
Tgfbrap1,9.083733,-1.0582476,1.0491338887833403e-19,2.8869514896261973e-19,715
Apbb3,6.928542,-1.0788827,4.2519938681669515e-12,1.0541178333330348e-11,716
Porcn,9.002454,-1.1060826,2.2072780689512614e-19,6.049207015511978e-19,717
Trim68,5.977436,-1.1288909,2.266768405964157e-09,5.3634515193107644e-09,718
Stx3,10.181103,-1.1351445,2.4081611787752094e-24,6.953083388809341e-24,719
Vmn2r95,2.5897062,-1.1565664,0.0096057889874576,0.0186348835145152,720
Efnb2,5.132478,-1.195114,2.859520825191985e-07,6.4667057359368e-07,721
Il17rc,23.806648,-1.2313914,2.8502150552770734e-125,1.605267759196465e-124,722
Chuk,21.742489,-1.2760348,8.136501146664205e-105,4.1057956330988085e-104,723
Sct,2.7615802,-1.2986641,0.0057522386843111,0.0113049030669867,724
Dnaja1,15.78211,-1.3068312,4.1314341524466475e-56,1.5524754393086588e-55,725
Vmn1r201,2.565752,-1.3377438,0.0102952430400869,0.0199380122857992,726
Or4s2,3.5170157,-1.3486884,0.0004364278406494,0.0009031769777448,727
Cct7,13.359114,-1.3548962,1.0480514030206388e-40,3.499579048734875e-40,728
Pus1,17.650305,-1.3604003,1.0120807469417942e-69,4.136764028986351e-69,729
Gsk3a,23.174547,-1.3699431,8.224547054218703e-119,4.497037638141203e-118,730
Daxx,21.645864,-1.3818612,6.648580883316616e-104,3.3378560902193793e-103,731
Lmbr1l,10.965031,-1.4090106,5.628155866051277e-28,1.681116207789545e-27,732
Magi2,12.68722,-1.415,6.96136702941618e-37,2.2491376091073667e-36,733
Or13a18,20.62227,-1.4250833,1.732314811305323e-94,8.264796638627152e-94,734
Traf6,6.0931168,-1.4426498,1.1073307087883274e-09,2.635656859360045e-09,735
Plcl2,5.186511,-1.486571,2.1427012258301682e-07,4.861935221453833e-07,736
Irak4,11.537217,-1.4920042,8.5651092159153e-31,2.626462998690579e-30,737
Ptch2,2.5214326,-1.4975402,0.0116878070641813,0.0225664288591652,738
Mtrnr2l7,4.603067,-1.5194433,4.163145769409638e-06,9.156207282981847e-06,739
Kdm3a,11.932594,-1.5351743,8.003944028595249e-33,2.49981702894947e-32,740
Or2t6,2.8780575,-1.5502496,0.0040013222751003,0.0079271352394652,741
Tada3,26.533203,-1.5635864,4.0134249573087386e-155,2.6355604925379404e-154,742
Ranbp6,7.2584505,-1.569691,3.9154918127402294e-13,9.872740404433918e-13,743
Reep1,-2.3598707,-1.5728165,0.0182813093991178,0.0348525269827734,744
Traf3ip1,6.849267,-1.5739334,7.422921933653028e-12,1.831959450369012e-11,745
Rara,21.76363,-1.601411,5.132030869574432e-105,2.5924658077463143e-104,746
Ly96,22.500187,-1.6068332,4.1330815689523733e-112,2.1845495578479305e-111,747
Sirt1,12.723582,-1.6566647,4.3733856447746105e-37,1.4153136363230729e-36,748
Il34,12.340833,-1.6813096,5.458831222575994e-35,1.73450433559951e-34,749
Gripap1,19.232656,-1.6982098,1.9726373378856257e-82,8.7734262018822e-82,750
Lag3,2.5426104,-1.724486,0.0110027812333262,0.0212751060504583,751
Agtr1a,7.3096876,-1.8092104,2.677642672203209e-13,6.764555888782032e-13,752
Pcna,25.607489,-1.8094846,1.2590001916814346e-144,7.848731466800518e-144,753
Itga3,-2.540539,-1.8104215,0.011068173961727,0.0213997984079524,754
Epha4,9.309288,-1.8305615,1.2869171610167042e-20,3.577529747013719e-20,755
Pitpnm1,5.6912193,-1.8375838,1.2613523345170151e-08,2.9406241110961716e-08,756
Kremen1,14.5620165,-1.889235,4.8991172211157134e-48,1.737829221804689e-47,757
Efna2,8.857943,-1.8989075,8.150460701971602e-19,2.2192741468734434e-18,758
Vmn2r79,7.094407,-1.9240031,1.299070514663977e-12,3.2471264155426236e-12,759
Usp20,2.348187,-1.9355532,0.0188650486499476,0.0359392946334715,760
Adgrl3,4.644878,-2.0069873,3.402773839229354e-06,7.498546586102862e-06,761
Cd38,6.954446,-2.0357533,3.539503603602018e-12,8.784052807384247e-12,762
Gpr19,3.724773,-2.0460038,0.0001954910981913,0.0004092250292784,763
Trip6,27.891943,-2.0554535,3.341518673249565e-171,2.35823162775106e-170,764
Ncor1,18.502962,-2.0873122,1.9543421059423552e-76,8.367503151072027e-76,765
Ephb4,13.638458,-2.1364217,2.3650725821573118e-42,7.992185903167074e-42,766
Rab4a,13.528888,-2.145344,1.0560889423849259e-41,3.546975246420352e-41,767
Phaf1,8.381763,-2.1701345,5.2140412593490304e-17,1.385386598279904e-16,768
Idua,6.2548213,-2.217371,3.9797187165330675e-10,9.541710901667438e-10,769
Or5p58,3.7944005,-2.253588,0.0001480007135923,0.0003113023023832,770
Gna12,22.272354,-2.305815,6.850630500926468e-110,3.565860358360161e-109,771
Vmn2r108,9.712281,-2.3239558,2.672880550432476e-22,7.5657413399359525e-22,772
Tob1,22.127035,-2.3268483,1.736237909867293e-108,8.942798881154672e-108,773
Slc22a17,14.057948,-2.3524866,6.885353709362662e-45,2.37706723134837e-44,774
Cdk5,24.027254,-2.3574994,1.4435699525451555e-127,8.230404501344223e-127,775
Cadm4,-4.566135,-2.3623648,4.967986193007431e-06,1.0898932094829434e-05,776
Or51q1,6.8442307,-2.3747835,7.688787289941973e-12,1.896979784580315e-11,777
Tmco6,4.1388063,-2.383755,3.491173304070883e-05,7.477106230434157e-05,778
Grik5,3.7537086,-2.4266872,0.0001742374138425,0.0003653170559538,779
Zfp110,18.942747,-2.4636233,5.068180719874177e-80,2.2177750423147074e-79,780
Mcfd2,24.335539,-2.4878945,8.24849747873569e-131,4.775435268265091e-130,781
Ikbkg,8.809825,-2.492919,1.253413925009462e-18,3.4026997267726132e-18,782
Irs2,9.621542,-2.5177374,6.4851382685687385e-22,1.828425054211771e-21,783
Vmn1r81,8.41906,-2.5235803,3.795187082032542e-17,1.0106664494328148e-16,784
Mcoln1,8.281162,-2.5272048,1.2197843224275943e-16,3.225042028213813e-16,785
Bcas3,9.643157,-2.530189,5.254664454926266e-22,1.4838066836797765e-21,786
Rxra,13.6531515,-2.563542,1.9333345828793697e-42,6.540718444885935e-42,787
Ap2a1,23.209616,-2.5855827,3.641117013373638e-119,1.9955179808097147e-118,788
Snx2,25.712389,-2.5870223,8.496647622307484e-146,5.333492253163037e-145,789
Tlr2,6.002423,-2.595269,1.9439455086041296e-09,4.605148616862717e-09,790
Chrnb1,4.663377,-2.6106577,3.1106269398561342e-06,6.863719658696101e-06,791
Ifnar1,21.877863,-2.6308641,4.221679162310918e-106,2.1486809630025035e-105,792
Prkcb,-4.005765,-2.6529567,6.181714002313716e-05,0.0001315835509134,793
Tgfa,-3.873882,-2.6541693,0.0001071152773439,0.000226413419789,794
Plxnd1,10.055741,-2.6718032,8.666703544876642e-24,2.4856265715581732e-23,795
Or8g4,3.168605,-2.695859,0.0015317233905225,0.0030934369192487,796
Mecr,15.549661,-2.7113395,1.5995208246552808e-54,5.941544487998488e-54,797
Kpna4,27.465214,-2.7122557,4.5727946835520066e-166,3.15645772122098e-165,798
Extl3,13.874263,-2.7163937,9.07205462288118e-44,3.0998264465076866e-43,799
Epb41l1,10.452131,-2.7392116,1.4326864469794863e-25,4.188302792586936e-25,800
Vtcn1,-3.750134,-2.741491,0.0001767401820961,0.0003704987434586,801
Washc1,26.034006,-2.7738075,2.041696779454152e-149,1.306254594460632e-148,802
Slc30a9,25.920935,-2.8260536,3.8683857448730804e-148,2.456320959130296e-147,803
Scarb1,8.570672,-2.8287213,1.0288283787586345e-17,2.759390840769582e-17,804
Met,-5.915685,-2.8298864,3.3049695985206486e-09,7.784871049726391e-09,805
Il17rd,8.694699,-2.8664608,3.477488567623086e-18,9.384411910867695e-18,806
Amhr2,-4.040171,-2.8674996,5.3412171856320315e-05,0.0001138672302723,807
Plxnc1,4.2189665,-2.8740997,2.4542490155544675e-05,5.283132780134155e-05,808
Smarcd1,19.291859,-2.899458,6.287092095748558e-83,2.8025552442664024e-82,809
Nt5dc3,7.0428824,-2.901685,1.883027919229212e-12,4.692867955276769e-12,810
Or4a77,4.3272367,-2.910195,1.5099176797113473e-05,3.2669932685226464e-05,811
Ntrk1,5.924599,-3.0044703,3.1306038035451653e-09,7.380039166021992e-09,812
Folr1,9.184833,-3.0332563,4.121663773652621e-20,1.1400213114455337e-19,813
Lrp2,-4.467959,-3.0679934,7.896940681656225e-06,1.722378908969545e-05,814
Ogfrl1,20.68294,-3.0765226,4.9341125932133425e-95,2.3616752495297336e-94,815
Bmp7,-2.8195982,-3.0788822,0.0048083822717819,0.0094799096604423,816
Tnfrsf1b,7.1438184,-3.0897295,9.077317721997316e-13,2.274963627706086e-12,817
Rnf31,5.9750414,-3.092146,2.300320294813754e-09,5.440659425632891e-09,818
Flrt2,24.579092,-3.1437726,2.1140709390483646e-133,1.2381966191733554e-132,819
Sh2b1,13.829507,-3.1596537,1.6917536414785565e-43,5.7663654784076464e-43,820
Ptprj,6.818727,-3.1617138,9.185088079333334e-12,2.2628386057773537e-11,821
Tradd,23.832714,-3.1656535,1.5302398236720147e-125,8.626681354404929e-125,822
Unc13b,-3.0214992,-3.2483256,0.0025152639123921,0.0050307408022535,823
Vav3,16.160315,-3.260637,9.607073383173178e-59,3.676149042344623e-58,824
Tnfsf13,5.363283,-3.273289,8.17226984214855e-08,1.870515367649137e-07,825
Prkar2a,22.341204,-3.3006568,1.4702782022202582e-110,7.693717637271758e-110,826
Gprc5a,-4.565705,-3.308102,4.978188560843615e-06,1.0920300148187877e-05,827
Ffar4,-2.346859,-3.346825,0.0189324136508543,0.0360647211973251,828
Wnt5b,3.3455088,-3.3501391,0.0008213178277116,0.0016820139074368,829
Ifih1,13.566603,-3.3546517,6.318334603275464e-42,2.1269115243547058e-41,830
Trak1,20.805779,-3.3630977,3.836772592538421e-96,1.8503145244661093e-95,831
Pou2f1,9.282075,-3.365962,1.6621021750849086e-20,4.617797633225197e-20,832
Ptch1,7.262946,-3.3929915,3.78749077135485e-13,9.551010943757117e-13,833
Il2,-2.436112,-3.4440448,0.0148460865178727,0.028466548391807,834
Ipo11,9.563942,-3.4977922,1.1335501802680216e-21,3.1875700962036834e-21,835
Dhx16,11.706846,-3.512612,1.1757222048135112e-31,3.633141575078486e-31,836
Prkcz,-3.6903296,-3.5917583,0.000223963681901,0.0004677494367979,837
Fzd4,21.867256,-3.6472185,5.326561086976437e-106,2.7075252729819325e-105,838
Tirap,10.433204,-3.6473482,1.7489023338596143e-25,5.10703696725157e-25,839
Or13j1,4.17751,-3.6988935,2.94717714621314e-05,6.330963202137194e-05,840
Pias3,16.465982,-3.8067093,6.440890110375142e-61,2.4941027097896923e-60,841
Mapk8ip3,15.272005,-3.8351064,1.1750325913117307e-52,4.30450447260769e-52,842
Sphk2,10.06099,-3.8380127,8.216748443413247e-24,2.3574373251775092e-23,843
Nars1,18.703056,-3.8416154,4.674656599223791e-78,2.0223454859022926e-77,844
Alcam,3.3977234,-3.8543253,0.0006794908171267,0.0013979838508276,845
Fgf2,14.352218,-3.8745458,1.0318352630199392e-46,3.610811962636146e-46,846
Gtf2b,27.994057,-3.9737554,1.9193479076304278e-172,1.3590202915509094e-171,847
Fzd7,5.142864,-3.990828,2.705811172605911e-07,6.123200393573886e-07,848
Ptger3,-5.910945,-3.9995446,3.4015068217290334e-09,8.010667261820688e-09,849
Fiz1,13.984441,-4.0291977,1.9399683783206712e-44,6.666277722477825e-44,850
Cry2,10.07107,-4.0292788,7.416700314346436e-24,2.128674096296199e-23,851
Chadl,6.4510155,-4.039655,1.1110305604463919e-10,2.6900013190143735e-10,852
Mr1,9.306744,-4.0908346,1.3181138714751727e-20,3.663822988716763e-20,853
Or51v8,17.20217,-4.1192603,2.557746056897082e-66,1.0259215420269312e-65,854
Nsmaf,12.339769,-4.1371818,5.531393379555079e-35,1.7573240486680634e-34,855
Tbp,12.4762125,-4.167009,1.0066162038012512e-35,3.2218538414619724e-35,856
Snupn,6.2522945,-4.175547,4.0446547348218774e-10,9.694448451672002e-10,857
Hsd17b7,3.833928,-4.1862035,0.0001261130576124,0.0002657848442062,858
Adcyap1r1,5.5337973,-4.194173,3.133711063620871e-08,7.24563322570366e-08,859
Il17re,-7.2122736,-4.2089396,5.502518615518473e-13,1.3840378257604288e-12,860
Gnrhr,-2.2580547,-4.2392063,0.023942242352568,0.0452794000488399,861
Rab8b,16.847425,-4.2461863,1.0958103247397204e-63,4.3233899583559265e-63,862
Syk,-2.373049,-4.2494082,0.0176419212879659,0.0336634479960452,863
Gphn,13.066425,-4.2815943,5.1216011377606734e-39,1.683983024429912e-38,864
Gabbr1,15.304187,-4.3445916,7.1692311968851855e-53,2.6303884762600962e-52,865
Eml2,4.9024887,-4.360826,9.462998622237384e-07,2.1189258740721323e-06,866
Ncstn,25.48292,-4.400264,3.0487928216105e-143,1.887199560777296e-142,867
Ldlrap1,10.226966,-4.4055405,1.5015024517583636e-24,4.3480433263435466e-24,868
Psmc3ip,3.983023,-4.48266,6.804419552830375e-05,0.0001446559213908,869
Gnai1,11.727679,-4.5442543,9.19447452411183e-32,2.843449629929897e-31,870
Lpin1,4.068783,-4.555144,4.725941164799614e-05,0.0001009052302754,871
Fgf16,-4.0493493,-4.558981,5.1360227781524446e-05,0.0001095520986479,872
Ppargc1b,-2.3755503,-4.5842285,0.0175228072788465,0.0334415634429695,873
Ccl27a,11.942508,-4.713553,7.104838904178945e-33,2.2204736670496278e-32,874
Cry1,8.444814,-4.729373,3.0452976505530124e-17,8.11976247925417e-17,875
Fcgr3,3.1798918,-4.768955,0.0014733004684051,0.0029797782656219,876
Trerf1,11.280977,-4.7766457,1.6292541543967388e-29,4.9345572997827114e-29,877
Cmklr2,-2.807731,-4.8029246,0.0049891894858682,0.009828994565946,878
Ppp1r9b,15.583482,-4.804051,9.427694297704174e-55,3.506401621887423e-54,879
Zpr1,21.505676,-4.8190966,1.3776093781011064e-102,6.8694344775440635e-102,880
Rorc,-4.6295366,-4.845643,3.664850530962443e-06,8.069298507817289e-06,881
Pagr1a,22.632019,-4.850178,2.0977714154335017e-113,1.1172820429302082e-112,882
Hyal1,7.2459965,-4.869186,4.292706189696318e-13,1.0813481167411405e-12,883
Fgf7,9.643662,-4.869549,5.228832884424865e-22,1.4766889235174525e-21,884
Bet1l,29.326279,-4.9217925,4.796228676166841e-189,3.6522152662713403e-188,885
Shisa8,-6.8392715,-4.9463673,7.95967867639996e-12,1.962994049021126e-11,886
Lpar4,8.483851,-4.9563575,2.178605251675937e-17,5.820702935169925e-17,887
Pkn1,9.668873,-4.991279,4.0885498090493713e-22,1.1556256436467057e-21,888
Nr1h4,-3.4680066,-5.0173783,0.0005243342662399,0.0010825364655933,889
Ppard,9.061147,-5.045789,1.29085844663075e-19,3.54757037438801e-19,890
Vipr2,-3.7560716,-5.0524755,0.0001726013289217,0.0003619188628903,891
Fgf10,-3.3312027,-5.0931497,0.0008647161947044,0.0017681320321255,892
Lonp1,18.353855,-5.099295,3.0750523259099086e-75,1.3068695752126296e-74,893
Ufd1,25.791187,-5.1121974,1.113392102296496e-146,7.0169249862181235e-146,894
Slurp1,-2.4624624,-5.128909,0.0137986645325184,0.026522764661292,895
Taok2,14.619193,-5.144077,2.118955996453532e-48,7.532258779868905e-48,896
Itga8,-2.932234,-5.161578,0.0033653289262235,0.0066895930797211,897
Usp4,22.605328,-5.208161,3.841164132586275e-113,2.0416772721831774e-112,898
Elmo2,10.752534,-5.267116,5.7655401196262765e-27,1.7064004907366534e-26,899
Ankrd13c,14.037953,-5.293054,9.131224542118888e-45,3.148739487728325e-44,900
Ntrk3,-3.7901986,-5.315225,0.0001505269090326,0.0003165313022576,901
H2-Q6,-3.7207913,-5.3237214,0.0001985994471179,0.0004156212935565,902
Stoml2,24.162237,-5.326116,5.5530816956099995e-129,3.18991592247091e-128,903
Adcy6,7.997482,-5.357013,1.269897222790022e-15,3.3174344502901027e-15,904
Adgrg1,-3.6697507,-5.381469,0.0002427872088381,0.0005066145459333,905
Il17ra,3.6930127,-5.3929625,0.0002216128735331,0.0004629625617517,906
Or52k2,14.274265,-5.480362,3.166071700715211e-46,1.1033605730686634e-45,907
Trpc1,10.138089,-5.530363,3.7435200759920274e-24,1.0790199843198009e-23,908
Vmn1r12,5.38779,-5.531231,7.132933378420373e-08,1.6356248410165806e-07,909
Npr2,9.915103,-5.5488167,3.578860396797542e-23,1.0197377736158592e-22,910
Ctbp2,22.367338,-5.552551,8.18791201667298e-111,4.289347299752328e-110,911
Pnoc,-3.2989507,-5.7566824,0.0009704699724582,0.0019794034383417,912
Adora2a,2.406594,-5.795178,0.0161020611515087,0.0308047935903286,913
Efna1,6.2651677,-5.7995095,3.7242480639488484e-10,8.936455050643615e-10,914
Nectin1,7.7327433,-5.81736,1.0525341019524112e-14,2.7109266189311863e-14,915
Adora1,-5.0646067,-5.8779306,4.092445251486517e-07,9.231940529592496e-07,916
Taf6,14.932663,-5.9181676,2.020349282327437e-50,7.2759064488270135e-50,917
Ptger4,10.69755,-5.9353814,1.0450512099449858e-26,3.087960298988055e-26,918
Sacm1l,18.65757,-5.9627175,1.0960245494629695e-77,4.7312126978919595e-77,919
Tnfsf13b,2.842998,-5.9891977,0.0044691345819719,0.0088302323681104,920
Stat5b,6.714385,-6.0039873,1.888609678915432e-11,4.6257620516032166e-11,921
Ankra2,18.526731,-6.0549493,1.2569389066543508e-76,5.3864575315824417e-76,922
Crcp,15.23314,-6.0598335,2.1310653598651893e-52,7.794656993709452e-52,923
Stx11,4.7107377,-6.2002945,2.468216742952467e-06,5.463569270478889e-06,924
Lmbr1,7.00307,-6.2193193,2.504141946488057e-12,6.227662341334428e-12,925
Tollip,10.994433,-6.2227674,4.064586898208465e-28,1.215157665138364e-27,926
Arap1,22.93606,-6.223493,2.0300347620333584e-116,1.0972872108464525e-115,927
Lhfpl4,-2.4556487,-6.2635474,0.0140630572337218,0.0270155721305907,928
Ophn1,3.8770885,-6.2753415,0.0001057138455195,0.0002234911612831,929
Or5w19,7.7134147,-6.287327,1.2249508249083651e-14,3.151569919960842e-14,930
Grk5,15.624722,-6.3002095,4.9407267431276285e-55,1.8413522625342017e-54,931
Fadd,3.1443148,-6.3028297,0.0016647627055692,0.0033563810061669,932
Hjv,-2.4438508,-6.306192,0.0145314330582124,0.0278903859809894,933
Abca1,6.3950014,-6.334888,1.6054573905043018e-10,3.878746959302661e-10,934
Nup62,14.885349,-6.342438,4.1033942740327187e-50,1.4750612714491989e-49,935
Gpr182,-2.4859462,-6.342563,0.0129207475743595,0.0248757827413764,936
Ccl8,10.040238,-6.3429217,1.0142832140039955e-23,2.906160091944247e-23,937
Babam2,23.6975,-6.3803988,3.8261180896486725e-124,2.1492683803945614e-123,938
Pdgfb,-2.6794689,-6.4619274,0.0073739066302138,0.0143866398374726,939
Adam15,26.786726,-6.4690595,4.6135285205386415e-158,3.0697509065815005e-157,940
Socs1,17.141973,-6.4900093,7.216041339901188e-66,2.88653873818469e-65,941
Myo5b,-7.5995674,-6.689956,2.9712222160553425e-14,7.595588740848836e-14,942
Tgfb1,24.088066,-6.7311263,3.334163566888718e-128,1.906931661343303e-127,943
Pla2r1,9.697038,-6.764955,3.1037991781503636e-22,8.779169008153483e-22,944
Cask,21.121206,-6.7918077,5.078079334482915e-99,2.4942672480727995e-98,945
Rxrg,-3.3031054,-6.8465657,0.0009562048092841,0.0019508130765332,946
Il16,-6.7648396,-6.9088936,1.3345700745566668e-11,3.2786146366201797e-11,947
Wnt9a,-3.7605374,-6.910442,0.0001695486890816,0.0003557073971754,948
Nod1,2.3279636,-6.91401,0.019914035235839,0.0378552572272456,949
Fnta,20.688995,-6.956423,4.351897430576679e-95,2.084692135624655e-94,950
Nup85,9.280098,-7.0746126,1.6932269097136827e-20,4.7031647265224487e-20,951
Sorbs1,8.183284,-7.266727,2.7621090577545317e-16,7.263027724949326e-16,952
Fgf1,-3.959864,-7.3012314,7.499245517098851e-05,0.0001591980573015,953
Add1,21.892792,-7.323919,3.0429910996528593e-106,1.5497734533182448e-105,954
Sh2d3c,-4.172317,-7.3502207,3.0151758625291783e-05,6.471149286643805e-05,955
Myd88,12.206674,-7.4231553,2.8635948235342654e-34,9.046539163662282e-34,956
Snx5,21.76686,-7.4536085,4.783128404371027e-105,2.4172502361927266e-104,957
Gpr146,-2.9197824,-7.509214,0.0035027575314678,0.006958674150614,958
Sema6a,3.1245825,-7.5708556,0.0017805750880905,0.0035852837913039,959
Tacc2,11.688865,-7.651386,1.4531577556866314e-31,4.486933247983519e-31,960
Avpr1a,-2.2915974,-7.660738,0.0219288840998368,0.041568266697877,961
Pex14,15.949239,-7.7188654,2.8839076493847995e-57,1.093958287877282e-56,962
Amfr,20.808907,-7.7219934,3.594526516956226e-96,1.7341975256744897e-95,963
Ceacam1,-2.661022,-7.729885,0.0077903877990994,0.0151803951660227,964
B9d1,20.777517,-7.755613,6.91436563455834e-96,3.3283927176258925e-95,965
Ikbkb,14.400674,-7.777948,5.124110523115191e-47,1.798196622589569e-46,966
Dnajc14,20.722925,-7.8303933,2.15205260255289e-95,1.0325743352610566e-94,967
Clec1a,-2.7362971,-7.8453546,0.0062134887892849,0.0121759431468142,968
Esrra,4.1126904,-7.8468213,3.910745213430526e-05,8.367365279569063e-05,969
Inpp5k,8.259702,-7.862109,1.4603663412133114e-16,3.856810526140387e-16,970
Adrb2,-6.0126925,-7.941651,1.824671938683836e-09,4.325195771565568e-09,971
Uimc1,15.815332,-7.947962,2.4391728779819714e-56,9.181785267061695e-56,972
Slit3,4.7619915,-8.001755,1.916919790420093e-06,4.255597967059493e-06,973
Ets2,10.123225,-8.020764,4.3581311316021285e-24,1.2547954102824705e-23,974
Dmtn,-3.1256192,-8.116829,0.0017743118716838,0.0035729770435672,975
Anks1,-3.1467366,-8.145553,0.0016510358582562,0.0033298427260818,976
Rnf14,22.956533,-8.169967,1.2679254374707823e-116,6.858178786008096e-116,977
Tnfrsf1a,15.061641,-8.1856575,2.8951208770650107e-51,1.0495035334124096e-50,978
Or4k6,8.9565735,-8.232518,3.349245968255852e-19,9.155484205088702e-19,979
Il18r1,-8.935271,-8.24269,4.0617985863572417e-19,1.109561054797553e-18,980
Tpra1,6.180228,-8.364784,6.40089557408147e-10,1.528926629137207e-09,981
Smad3,3.0021038,-8.421875,0.002681206950651,0.0053581040085726,982
Angptl1,8.283747,-8.4709,1.1935893315504204e-16,3.1561371992110694e-16,983
Lrpap1,13.580059,-8.483258,5.2584305827999555e-42,1.770878083779837e-41,984
Trp53,18.76367,-8.520686,1.4969690357159686e-78,6.505962390551407e-78,985
Lrg1,-2.8607428,-8.583382,0.0042264988894372,0.008362017779328,986
Lancl1,17.126682,-8.732294,9.385559233663713e-66,3.750571724892075e-65,987
Hr,-7.048337,-8.835996,1.810686572620393e-12,4.515437872874398e-12,988
Vmn2r27,12.832234,-8.993593,1.0819763619570352e-37,3.5183595327350125e-37,989
Vmn1r218,4.718368,-9.104584,2.37744321209926e-06,5.264115683632979e-06,990
Stx8,23.057081,-9.109029,1.2489900272283154e-117,6.793090820437495e-117,991
Btnl9,-2.3460073,-9.20794,0.0189757330474528,0.036132671528729,992
Cct6a,11.982961,-9.213894,4.36452684086397e-33,1.3662137358606918e-32,993
Il12a,-8.004648,-9.21791,1.198084179272299e-15,3.1312177913909026e-15,994
Bag6,20.237303,-9.236059,4.5963689588096834e-91,2.148215891888475e-90,995
H2-Q7,10.64919,-9.257226,1.758887313288283e-26,5.182322218683115e-26,996
Atp6ap2,18.094234,-9.331557,3.5382255447838253e-73,1.4836929805314884e-72,997
Kctd12b,3.2448173,-9.366715,0.0011752605445056,0.0023876175558413,998
Med4,18.263153,-9.387465,1.626238538004278e-74,6.8804192201681985e-74,999
Eps8,13.778057,-9.479177,3.4544639309496444e-43,1.1752541050404949e-42,1000
Pxn,8.201323,-9.516948,2.377567784531852e-16,6.260230591731901e-16,1001
Or6c205,7.847463,-9.582864,4.245369010538698e-15,1.1007668649608627e-14,1002
Ano1,-8.645866,-9.591994,5.3398510410105485e-18,1.4364266192883518e-17,1003
Il11ra2,-12.361188,-9.645379,4.2384492355974273e-35,1.3478245745025152e-34,1004
Flot1,18.85727,-9.957095,2.561145017055248e-79,1.117620662254979e-78,1005
Il18,-7.581268,-9.9898815,3.421942897745753e-14,8.74212775120619e-14,1006
Psen1,13.19065,-10.100799,9.932556950133793e-40,3.2887149946609237e-39,1007
Vps35,17.284168,-10.168079,6.190700890467905e-67,2.4924245054328e-66,1008
Cd14,-6.6106844,-10.229513,3.8254765207802014e-11,9.33005481645319e-11,1009
Traf3ip2,-6.0454793,-10.253746,1.489663446829032e-09,3.534639907337877e-09,1010
Dnm3,2.9438007,-10.371904,0.0032420871235134,0.0064516714359318,1011
Prl8a1,5.129783,-10.57931,2.9007631323530097e-07,6.559345773435807e-07,1012
Med30,19.24837,-10.637138,1.4567677744264297e-82,6.482726375231102e-82,1013
Arrb2,-4.6924157,-10.753137,2.6999798806691025e-06,5.969320924867547e-06,1014
Trem2,-5.227628,-10.753677,1.7169809857564554e-07,3.904197907638932e-07,1015
Tcn2,16.797407,-10.759777,2.549479752090187e-63,1.0041897819596849e-62,1016
Pear1,10.44884,-10.868564,1.4832773140476414e-25,4.3351266314178835e-25,1017
Ncoa7,14.537745,-10.873794,6.985521796267208e-48,2.472726065482207e-47,1018
Adgre5,17.165644,-10.8776865,4.801263680860447e-66,1.9238447736319696e-65,1019
Taf7,10.924493,-10.951021,8.803072177015361e-28,2.62480898628225e-27,1020
Gnb1,13.140974,-10.988493,1.9174201269846777e-39,6.327379270676876e-39,1021
Spred2,5.9544415,-11.091275,2.609615032410038e-09,6.1647881468704395e-09,1022
Lpar6,3.263011,-11.17547,0.0011023521430479,0.0022420061969119,1023
Ackr2,-10.37314,-11.225601,3.2854786282585303e-25,9.569209701368034e-25,1024
Tie1,-3.758277,-11.236478,0.0001710874379228,0.0003588081657797,1025
S1pr2,14.118486,-11.258363,2.9220076473521617e-45,1.0115893688715435e-44,1026
Arhgef1,16.761047,-11.273207,4.7027164370952555e-63,1.847685711254608e-62,1027
Mfsd6,-3.742631,-11.326893,0.0001821035675387,0.0003816064912023,1028
Cd40,-8.214957,-11.340264,2.1223941027981927e-16,5.593336059600146e-16,1029
Vmn2r97,-5.1910872,-11.380709,2.090694974524612e-07,4.745753026450688e-07,1030
Dnm1,5.8601246,-11.48341,4.625205056591602e-09,1.0865436960890128e-08,1031
Caprin2,4.022611,-11.534432,5.7556435722580245e-05,0.0001226136876085,1032
Serpine2,-10.527193,-11.576986,6.473616667298171e-26,1.8969519823626111e-25,1033
P2ry2,-7.222468,-11.681827,5.105240368890841e-13,1.2849321550726749e-12,1034
Ldlr,3.7727778,-11.719094,0.0001614400884404,0.0003388870774986,1035
Ensa,17.006306,-11.726408,7.374463059640312e-65,2.9290767097992904e-64,1036
Unc93b1,17.975185,-11.803723,3.048415419377751e-72,1.2692864555106972e-71,1037
Gab2,5.804606,-11.819345,6.451746774118411e-09,1.512022130682121e-08,1038
Fermt2,16.860203,-12.037458,8.828594730885529e-64,3.484963839208674e-63,1039
Or2y1,8.999857,-12.109407,2.2601122512363563e-19,6.193284395180275e-19,1040
Gpnmb,-5.243648,-12.135821,1.574323360679358e-07,3.582226384992497e-07,1041
Ptgfr,-3.194506,-12.162807,0.001400703646262,0.002835620571508,1042
H2-M3,10.821278,-12.229857,2.729457507953074e-27,8.09651083704126e-27,1043
Psmc5,7.744898,-12.260706,9.56587237117412e-15,2.4659551596584508e-14,1044
Ifngr2,18.53711,-12.304865,1.0364591696136592e-76,4.4440374016054166e-76,1045
Kcna5,-6.392741,-12.357735,1.6293795700439014e-10,3.9353348490804703e-10,1046
Abhd12,13.1633625,-12.55499,1.4259618047707687e-39,4.7128366853911185e-39,1047
Sh2b3,7.2995753,-12.666413,2.8867691931075613e-13,7.291314703848769e-13,1048
Or1j10,10.871637,-12.753119,1.5735107928973052e-27,4.6810955212880655e-27,1049
Bmp2,-11.794785,-12.797658,4.1526110729792575e-32,1.2892853069774322e-31,1050
Stx12,18.910505,-12.81306,9.345698185214892e-80,4.085024737841618e-79,1051
Srebf1,2.4825747,-12.901182,0.0130436715755555,0.0251022133197162,1052
Nr2f2,17.769867,-13.085673,1.2097819773018415e-70,4.9775753502607215e-70,1053
Med25,13.258849,-13.438926,4.010025808467617e-40,1.332219685257575e-39,1054
Rarg,15.197714,-13.522653,3.6617730137023624e-52,1.3372718051432202e-51,1055
Prrt1,-10.838261,-13.582631,2.2673980179809768e-27,6.733493661394098e-27,1056
Ccrl2,-8.824826,-13.586146,1.096302017669328e-18,2.9792625355921767e-18,1057
Gas6,14.125226,-14.002196,2.6554550069087393e-45,9.195792804308949e-45,1058
Pkd1,14.671752,-14.113721,9.778676488078804e-49,3.483893172321409e-48,1059
Gna11,15.207716,-14.196221,3.143197895291288e-52,1.1480667617856118e-51,1060
Sigmar1,11.142179,-14.389314,7.818322308190062e-29,2.350771273443959e-28,1061
Ahsg,-7.4308443,-14.432489,1.0790670826003745e-13,2.740125086874161e-13,1062
Vmn2r124,6.571767,-14.500333,4.9721619320226606e-11,1.2096759398115901e-10,1063
Ubxn2a,7.275018,-14.610975,3.463743128986214e-13,8.738339896377589e-13,1064
Tex264,11.634733,-14.688259,2.7444769858933454e-31,8.450956965687226e-31,1065
Lepr,-6.406898,-14.716509,1.4851016209155107e-10,3.5905409813352385e-10,1066
Lifr,-2.9864407,-14.721508,0.0028224568527617,0.0056337040154712,1067
Cnpy3,7.387612,-14.977476,1.49489617980384e-13,3.79198267430697e-13,1068
Sema4c,-4.2926955,-15.066279,1.7651696080149837e-05,3.8136898665436685e-05,1069
Aplnr,-3.1802917,-15.103387,0.0014712689771559,0.002975924345727,1070
Pik3ip1,4.7912707,-15.107598,1.6572817558482823e-06,3.68716702975344e-06,1071
Trdn,-6.1312704,-15.131109,8.718020577579395e-10,2.0781952171056904e-09,1072
Cct5,2.439471,-15.150761,0.0147087862706998,0.0282147344892157,1073
Tmem219,17.622602,-15.150914,1.652259570146662e-69,6.74408558949962e-69,1074
Dnaja3,5.0474524,-15.188221,4.477398975764432e-07,1.0093590494992525e-06,1075
Stx7,14.205521,-15.191118,8.467099214037527e-46,2.9424944907279745e-45,1076
Tsnax,16.273043,-15.21474,1.533447301786887e-59,5.886812728020161e-59,1077
Tgfbr2,12.292237,-15.311368,9.970774254514084e-35,3.1613377002131168e-34,1078
Agtrap,5.586458,-15.45165,2.3174732509429783e-08,5.3762557120923275e-08,1079
Trim24,12.942,-15.493741,2.6074957951395184e-38,8.521258740590836e-38,1080
Tspan12,7.03988,-15.503705,1.9240568419053147e-12,4.793097095828458e-12,1081
Ncoa1,2.6215699,-15.555639,0.008752584603367,0.0170132324651195,1082
Hikeshi,12.074534,-15.560988,1.4397664119406649e-33,4.5230379593630065e-33,1083
Lsr,-15.826627,-15.685943,2.038602860791917e-56,7.678813295290364e-56,1084
Cd93,-3.0177083,-15.732901,0.0025469391839535,0.0050928003440419,1085
Ncoa3,5.444746,-16.048426,5.187940275632177e-08,1.1932262633954005e-07,1086
Csf1,13.464235,-16.120853,2.5393472997120025e-41,8.510488445870774e-41,1087
Il15,-7.6992393,-16.21607,1.3687887036617831e-14,3.520104297136089e-14,1088
Adipor1,17.250578,-16.318602,1.1078722381637914e-66,4.455064715299101e-66,1089
Chn1,-2.7855656,-16.367727,0.0053434438316189,0.0105146190225484,1090
Reck,-6.1853557,-16.508078,6.196267416583952e-10,1.4806477758940772e-09,1091
Dag1,10.566127,-16.679625,4.2780014572345526e-26,1.2559119117740166e-25,1092
Stx2,5.4627585,-16.754187,4.6879196610521306e-08,1.0790620767268797e-07,1093
Adgrl4,-2.7603462,-16.904,0.0057740158571967,0.0113448701183532,1094
Dpp4,-18.181988,-17.102716,7.168736839802878e-74,3.0184087859711906e-73,1095
Dnm2,9.698125,-17.159943,3.0709047950922097e-22,8.687166726332107e-22,1096
Igsf8,8.265921,-17.223495,1.3862031160737738e-16,3.662994049085872e-16,1097
Il15ra,-8.974149,-17.290083,2.8555186651643295e-19,7.811257254180269e-19,1098
Rtn4rl1,-8.864869,-17.299181,7.659400680911241e-19,2.0860452379085024e-18,1099
Pik3r1,11.377958,-17.492062,5.384563671371308e-30,1.640298922897365e-29,1100
Vmn1r227,4.832295,-17.567993,1.3496804505908377e-06,3.0084742779471716e-06,1101
Alkal2,-13.132393,-17.612017,2.1476253135402532e-39,7.086053573283186e-39,1102
Hsd17b10,10.682032,-17.718983,1.2353857060670115e-26,3.646263371611756e-26,1103
Clptm1,10.406758,-17.74608,2.30951768215687e-25,6.738280282883823e-25,1104
Ccdc62,9.319209,-17.75332,1.1721073760021603e-20,3.2610539845167295e-20,1105
H2-Eb1,-2.4814727,-17.831142,0.0130840746560219,0.025177916696529,1106
Tcf7l2,6.40679,-17.93029,1.486157022526501e-10,3.5927249031929675e-10,1107
Npr1,-17.51333,-17.988281,1.1336315567836107e-68,4.607279938538485e-68,1108
Or2h2,9.24379,-18.120611,2.379189328750923e-20,6.60075535992783e-20,1109
Cpne3,12.627088,-18.282194,1.4971765449353988e-36,4.824666735050348e-36,1110
Ddt,16.496546,-18.34338,3.8849422737270886e-61,1.506834506530502e-60,1111
Itpr1,5.7198477,-19.268816,1.0661946255538542e-08,2.4900715098089368e-08,1112
Socs2,17.053883,-19.371794,3.270680317018518e-65,1.3025921390708883e-64,1113
Tm2d1,9.034449,-19.379477,1.6483156291016641e-19,4.526257088469008e-19,1114
Ptpa,7.1342983,-19.60236,9.72821990216605e-13,2.4365420666850198e-12,1115
Tslp,-9.067398,-19.649403,1.21892646986052e-19,3.3514447846089325e-19,1116
Snx17,8.372,-19.951538,5.66486286291609e-17,1.5044943297159992e-16,1117
Grap,-16.720757,-19.95801,9.253831459944396e-63,3.629167406862802e-62,1118
Mill2,-11.098268,-20.019201,1.2789909987710254e-28,3.8407127360755646e-28,1119
Kitl,-5.153543,-20.037222,2.556107135499551e-07,5.789969950866406e-07,1120
Cxcr2,3.1769145,-20.20915,0.001488508862016,0.0030079620009992,1121
Il6ra,-18.54548,-20.294903,8.870268602765047e-77,3.8081536653201225e-76,1122
Arrb1,-17.049923,-20.343918,3.499944749895757e-65,1.3934298826443227e-64,1123
Cnrip1,10.910575,-20.443132,1.0260569778382475e-27,3.05784656491512e-27,1124
Plxdc1,-18.380842,-20.482056,1.8703926579305182e-75,7.961893129028071e-75,1125
Bmp6,-9.3145,-20.731344,1.2252822768610033e-20,3.4077937903842886e-20,1126
Lynx1,-2.646851,-20.868414,0.0081245107134283,0.0158132059625816,1127
Rchy1,8.864802,-20.871996,7.663970311582391e-19,2.0870491437616752e-18,1128
Asah1,7.7029133,-20.951105,1.3299853443259566e-14,3.4206863913679694e-14,1129
Icosl,-20.053297,-21.008179,1.889014220657687e-89,8.731977476742706e-89,1130
P2ry14,-4.7839484,-21.215183,1.7188487378831992e-06,3.821623309256311e-06,1131
Calcrl,-7.8616524,-21.275246,3.7909859674031666e-15,9.839235197893662e-15,1132
Pik3r2,3.0429358,-21.323717,0.0023428231252859,0.0046925994269803,1133
Prkn,-14.485697,-21.969944,1.492017284959349e-47,5.257001832939256e-47,1134
Rnf6,7.3790994,-22.280205,1.5936389217802616e-13,4.042021364906213e-13,1135
Ntf3,-15.520296,-22.591341,2.5288189475350474e-54,9.375801657467487e-54,1136
Snx1,6.813196,-22.772097,9.545387219038845e-12,2.3506212625199805e-11,1137
Acvrl1,12.986826,-22.932144,1.4532992164376087e-38,4.75791833561646e-38,1138
Cxcl16,16.391085,-23.171286,2.2145523985539839e-60,8.547376177490793e-60,1139
Adgrd1,-9.147175,-23.340414,5.84419013531777e-20,1.6134363626267068e-19,1140
Cflar,10.925521,-23.444836,8.703986753527022e-28,2.596247898788506e-27,1141
Cr1l,9.126643,-23.760788,7.065613573006549e-20,1.9481365496438393e-19,1142
Icam2,-6.0700693,-23.767942,1.2785504704815435e-09,3.038293829300255e-09,1143
Gfra1,-13.652659,-23.873638,1.9464428579932592e-42,6.584122404218642e-42,1144
C1qbp,5.455047,-23.906284,4.8959799426214646e-08,1.1266238891832597e-07,1145
Cdh5,-5.371957,-24.123875,7.788677557697076e-08,1.784618804834248e-07,1146
Irak1,5.0666127,-24.704697,4.049571733831537e-07,9.136969521906078e-07,1147
Cd300lg,-5.5366406,-24.74142,3.0832827470640665e-08,7.130430954415539e-08,1148
Rspo1,-15.807303,-24.778423,2.7707294940379575e-56,1.0423220477571363e-55,1149
H2-T23,11.511071,-25.000937,1.1602776350875264e-30,3.5565686501949735e-30,1150
Mia2,8.347476,-25.10482,6.973713702296718e-17,1.8498157367989984e-16,1151
Ltbp1,2.2746167,-25.427992,0.0229289281535921,0.0434082080561031,1152
Lrrc32,-3.88125,-25.789425,0.0001039210197902,0.0002197599291373,1153
Bcam,-3.7692688,-25.874937,0.0001637265769552,0.0003435843527238,1154
Fgfr1,9.194058,-25.932287,3.782918872707659e-20,1.0469399729610734e-19,1155
Zbtb16,-24.024284,-25.979418,1.5505183213903062e-127,8.838029263890064e-127,1156
Mrgprf,-16.718098,-26.194073,9.675741319938112e-63,3.794002086956477e-62,1157
Ptpra,4.73951,-26.27766,2.142355335092055e-06,4.7507111688142536e-06,1158
Dab2,3.3234088,-26.541212,0.0008892451197951,0.0018175009928771,1159
Vamp8,6.770567,-26.721472,1.2827855542930214e-11,3.1530361683616504e-11,1160
Icam1,-9.477837,-27.128948,2.5960914190774496e-21,7.270841286462939e-21,1161
Snw1,2.3590882,-27.26864,0.0183199048985135,0.0349204707559544,1162
Lgals3,9.750852,-27.588125,1.8292790096756632e-22,5.184713161452946e-22,1163
Ret,-24.47871,-27.708458,2.490179482866997e-132,1.450925741608321e-131,1164
Arrdc3,-7.995849,-27.712603,1.2868386481735656e-15,3.3609482207549527e-15,1165
Kdr,-8.674918,-27.741983,4.138496117784688e-18,1.1151656034473205e-17,1166
Ptgir,-19.307775,-28.564518,4.620441823911455e-83,2.0631277187639407e-82,1167
Cxadr,-14.354341,-28.5677,1.0007334889329907e-46,3.5024930718752665e-46,1168
Tacc1,9.204847,-28.584803,3.421565166282707e-20,9.473776906899992e-20,1169
Arhgef12,8.795693,-29.269365,1.4216716804969724e-18,3.855931423242506e-18,1170
Apbb1ip,-3.2481039,-29.64041,0.0011617687419517,0.0023604111004336,1171
Cd2ap,18.188429,-30.484587,6.374141288293022e-74,2.685278961490449e-73,1172
Fyn,-2.592466,-30.608599,0.0095290561791087,0.0184875429984991,1173
P2ry1,-25.672895,-30.78037,2.347404019817337e-145,1.468433007206179e-144,1174
Antxr2,-13.620876,-31.58794,3.009345801650404e-42,1.0154822454397739e-41,1175
Mesd,-2.7808447,-31.951857,0.0054217657198848,0.0106669605255205,1176
Hfe,-18.952127,-32.023006,4.2408096580915056e-80,1.857447894192091e-79,1177
Ap2m1,-8.704191,-32.043224,3.1984725840048794e-18,8.638362783761636e-18,1178
Tex261,-3.85421,-32.318306,0.0001161039189547,0.000245018374844,1179
Vamp3,3.6060774,-32.43918,0.0003108604840498,0.0006464901825797,1180
Ang,-9.566851,-33.157524,1.1021162510593135e-21,3.0999152138928362e-21,1181
Lmbrd1,-4.472009,-33.306347,7.748812143687197e-06,1.6905393151014617e-05,1182
Creg1,19.430696,-33.808716,4.245566723653549e-84,1.9065500300270058e-83,1183
Rgma,-11.995343,-33.869625,3.758543339264737e-33,1.176836588239294e-32,1184
Itga6,-12.954742,-34.283825,2.208757771137219e-38,7.221185787132491e-38,1185
Fus,-11.265016,-34.45749,1.9531761137525634e-29,5.91032192966299e-29,1186
Aip,-5.365002,-35.60519,8.094826601321275e-08,1.8538675504150652e-07,1187
Pecam1,-10.9255085,-36.276596,8.705128412168205e-28,2.5962605836341557e-27,1188
Cav2,-2.7859535,-36.603336,0.0053370533920374,0.0105029191179968,1189
Nr1h3,-26.561144,-37.079372,1.9094968181934665e-155,1.2560352086479495e-154,1190
Lefty1,-24.155651,-37.93936,6.512524617926231e-129,3.739240252796196e-128,1191
Nsg1,-17.241423,-38.270294,1.2980166599266236e-66,5.215249451288786e-66,1192
H2-K1,9.363457,-38.704796,7.716949488249656e-21,2.1510746266455643e-20,1193
Hpgd,-16.768385,-38.72081,4.156599983581749e-63,1.6339332370142202e-62,1194
Vamp2,-7.761167,-40.13424,8.415151089457735e-15,2.1704988412762734e-14,1195
Rp9,-6.6811957,-40.244705,2.370006638844388e-11,5.7976311947124366e-11,1196
Calm3,-8.1501465,-40.27638,3.6348338693036623e-16,9.54512627313194e-16,1197
Wbp2,-14.298652,-40.775875,2.230890666040497e-46,7.784882319772873e-46,1198
Il17d,-20.451569,-40.91451,5.8174597854323505e-93,2.751035387221172e-92,1199
S1pr3,-10.0001135,-41.222195,1.5222267545679873e-23,4.353616438993877e-23,1200
Sdc4,10.669862,-41.420395,1.4083628700278656e-26,4.156289274478787e-26,1201
Arpp19,-12.262129,-42.76925,1.4464953106733491e-34,4.578274920730963e-34,1202
Fkbp4,-6.8343945,-43.41034,8.235211416534321e-12,2.0305211781832694e-11,1203
Anapc11,-13.278958,-44.28211,3.066290390864593e-40,1.0196937255048932e-39,1204
Abcc9,-11.285177,-44.785297,1.5532812908976254e-29,4.706266979514214e-29,1205
Nrxn2,-34.846504,-45.371124,4.8097691694394916e-266,5.015962805798245e-265,1206
Vti1b,-13.925382,-45.950745,4.441648386277654e-44,1.5222892706364546e-43,1207
Ddr2,-11.041027,-46.186558,2.422469706398288e-28,7.254203465369417e-28,1208
Egfl7,2.3792143,-46.206367,0.0173495915896035,0.0331270473638367,1209
Thra,-8.787027,-46.25232,1.5356927501230724e-18,4.1632730920070115e-18,1210
Tek,-27.574373,-47.812344,2.2584604354592308e-167,1.5690321748818382e-166,1211
Ghr,-9.350982,-48.15488,8.683793127918636e-21,2.419151756982735e-20,1212
Stub1,-17.15944,-49.145393,5.342629034152056e-66,2.1396785421448912e-65,1213
Aqp1,5.637516,-49.24069,1.7252046563796534e-08,4.0125107511169555e-08,1214
Flt3l,-31.441164,-49.289772,5.5436588106609314e-217,4.7530586122185794e-216,1215
Dusp3,-9.744669,-49.934834,1.9441173085655648e-22,5.506894705075813e-22,1216
Zbtb7a,-15.653352,-50.006134,3.1517529036012e-55,1.1761067193675188e-54,1217
Il10rb,-28.345886,-50.026794,9.406695366853727e-177,6.809548000626781e-176,1218
Nr3c1,-11.706989,-50.473778,1.1737316512173547e-31,3.62746504427648e-31,1219
Ifnar2,-11.242724,-50.85754,2.5149895485410586e-29,7.601608205513544e-29,1220
Tns2,-30.595236,-51.211582,1.4162839810878999e-205,1.1563789808944794e-204,1221
Dazap2,-16.383461,-51.348606,2.510439848173948e-60,9.686229933635549e-60,1222
Palm,-25.854904,-51.766964,2.1429456742340154e-147,1.3537983356801732e-146,1223
Ackr4,-23.122707,-53.496086,2.73676479145569e-118,1.4933037916141104e-117,1224
Gabarapl1,-26.26929,-54.251408,4.303606878164331e-152,2.7858453841907274e-151,1225
Sema3c,-33.98769,-54.60107,3.3868261358478397e-253,3.3543069247321523e-252,1226
Tmbim1,-27.684832,-54.637028,1.0633128542713527e-168,7.452971196066357e-168,1227
Lbp,-29.722342,-55.472744,3.950821708648761e-194,3.0708245995390716e-193,1228
Or10ag57,-8.410194,-55.971375,4.093329185558585e-17,1.0895709791760124e-16,1229
Or5m3b,11.779307,-56.209473,4.990149261075827e-32,1.5478964635045583e-31,1230
Fkbp1a,-14.329254,-58.102524,1.4365415672317498e-46,5.024810952107383e-46,1231
Sdcbp,-18.655523,-58.182858,1.1388092829589351e-77,4.914105603356414e-77,1232
Ccl2,7.8424854,-58.364395,4.4171580159903065e-15,1.1449323987238783e-14,1233
Kazald1,-25.21337,-58.464024,2.858191420847384e-140,1.740483102651097e-139,1234
Lpar1,-11.475236,-59.631702,1.7569766470579123e-30,5.377240914764828e-30,1235
Maf1,-27.550922,-59.678135,4.314078079188943e-167,2.9945000972236855e-166,1236
Tgfbr3,-43.876442,-59.772137,0.0,0.0,1237
Prnp,-18.340588,-60.050903,3.9253233181186943e-75,1.6673271371566568e-74,1238
Use1,-20.957615,-60.330074,1.5989998334157432e-97,7.771599807636476e-97,1239
Cav1,13.030903,-61.468307,8.163622580770205e-39,2.679351521194567e-38,1240
Nherf1,-5.807437,-61.970573,6.343642561720686e-09,1.4869820477364724e-08,1241
Nr1d1,-33.30787,-62.843857,2.9700310620673704e-243,2.825416984176132e-242,1242
Cmklr1,-46.04364,-64.423965,0.0,0.0,1243
Scp2,-17.44701,-65.365746,3.6273350684716318e-68,1.4714285016721347e-67,1244
Sumo2,-16.92956,-65.960175,2.7241001561689853e-64,1.0780025094466008e-63,1245
Colec12,-18.415634,-66.582054,9.84304169461486e-76,4.195281267926698e-75,1246
Rgmb,-40.148838,-66.80474,0.0,0.0,1247
Akap12,-26.005522,-67.59406,4.288940395814227e-149,2.7410460251495632e-148,1248
Jup,-38.622383,-68.767166,0.0,0.0,1249
Hmcn2,-53.347797,-70.79303,0.0,0.0,1250
H2-Q4,-17.275002,-72.39017,7.257165614933989e-67,2.9207958594369697e-66,1251
Eng,-12.609606,-72.958786,1.8692486076474975e-36,6.016285782973368e-36,1252
F3,-38.52136,-72.962166,0.0,0.0,1253
Bmp4,-38.64541,-73.534676,0.0,0.0,1254
Thbd,-47.427742,-73.641335,0.0,0.0,1255
Rora,-30.467285,-74.342964,7.071715875220512e-204,5.738268659862031e-203,1256
Nherf2,-24.915453,-74.51112,5.059932223601479e-137,3.018198460951781e-136,1257
Lamb1,-7.1431804,-75.74929,9.119596050227569e-13,2.2848321839459625e-12,1258
Stx4a,-37.08837,-76.7704,4.325988363689564e-301,5.068659282674166e-300,1259
Nmb,-37.47521,-77.91148,2.3344632181879087e-307,2.8005259358464502e-306,1260
Tnfsf12,-33.489105,-77.96377,6.944590516175594e-246,6.687247149718048e-245,1261
Cd74,-4.894691,-79.48129,9.84603786862055e-07,2.2032328580398448e-06,1262
Gnb2,-27.846245,-82.688324,1.1960165372486038e-170,8.420598100253136e-170,1263
Sqstm1,-35.948772,-85.96581,5.289881322183314e-283,5.836164722619901e-282,1264
Angptl2,-14.829705,-86.682915,9.41451389756632e-50,3.376047256329346e-49,1265
Ngf,-42.415646,-87.70536,0.0,0.0,1266
Igfbp5,-9.119971,-92.02999,7.514414825953065e-20,2.0711551062291406e-19,1267
Ccl11,-21.32741,-95.69884,6.321364097619526e-101,3.132304202850238e-100,1268
Cd55,-40.542934,-98.41444,0.0,0.0,1269
Cd36,-12.654672,-99.202126,1.0541581576112631e-36,3.4002826493152596e-36,1270
Clu,21.518648,-110.00992,1.0415671347636125e-102,5.1981528185614375e-102,1271
Ar,-52.567528,-110.88491,0.0,0.0,1272
Pgf,-60.402866,-111.07085,0.0,0.0,1273
Park7,-45.724834,-113.138245,0.0,0.0,1274
Psap,-31.837997,-114.809746,1.9297637609953512e-222,1.6970569545223825e-221,1275
Lama2,-43.59275,-119.31889,0.0,0.0,1276
Ccl19,-32.012577,-119.848236,7.287402326779069e-225,6.45912684280857e-224,1277
Vtn,-10.408106,-120.41332,2.277070755125704e-25,6.644433391825109e-25,1278
Adm,-28.23449,-123.29587,2.2069375812579138e-175,1.5888470773207311e-174,1279
Pdgfra,-54.36714,-128.63719,0.0,0.0,1280
Penk,-60.141552,-129.50497,0.0,0.0,1281
Efemp1,-62.7422,-136.52794,0.0,0.0,1282
S100a13,-53.968575,-136.91008,0.0,0.0,1283
Nbl1,-37.352108,-137.98787,2.3434002102880683e-305,2.7857803909015825e-304,1284
Nr4a1,-48.959736,-138.86168,0.0,0.0,1285
Cebpb,-35.318367,-145.97334,3.068746358191603e-273,3.2740224808872563e-272,1286
Scara5,-85.79228,-148.2678,0.0,0.0,1287
Ace,-60.735203,-150.1064,0.0,0.0,1288
Myoc,-57.285576,-153.03955,0.0,0.0,1289
Ddx5,-49.94143,-159.50467,0.0,0.0,1290
Enpp2,-83.99629,-160.93822,0.0,0.0,1291
Kcnj8,-22.991558,-168.22849,5.6621358330806935e-117,3.0668495875532924e-116,1292
Lrp1,-46.218224,-169.35674,0.0,0.0,1293
Cd47,-66.568596,-174.05685,0.0,0.0,1294
Lamc1,-44.79562,-176.72011,0.0,0.0,1295
Dbi,-30.93834,-177.88463,3.64597621160795e-210,3.036727929985592e-209,1296
Trf,-13.295701,-191.0307,2.4516537268726854e-40,8.158708464702692e-40,1297
Ly6e,-33.30529,-197.55708,3.236806447000738e-243,3.0779631676571827e-242,1298
Ly6c1,-31.024271,-199.40608,2.5374950294517334e-211,2.1224564479702342e-210,1299
Spon2,-59.76365,-208.54091,0.0,0.0,1300
Tspo,-59.06824,-217.9483,0.0,0.0,1301
Ifngr1,-79.71034,-226.59187,0.0,0.0,1302
Tcf21,-62.198776,-233.03229,0.0,0.0,1303
Axl,-69.05896,-250.87054,0.0,0.0,1304
Ackr3,-98.62884,-252.80289,0.0,0.0,1305
Atp5f1b,-33.65565,-257.37125,2.577536545515851e-248,2.5055140222892973e-247,1306
Ecm1,-45.55326,-288.6235,0.0,0.0,1307
Ramp2,-108.38609,-349.87103,0.0,0.0,1308
C3,-61.461052,-434.58005,0.0,0.0,1309
Lpl,-92.00065,-440.89316,0.0,0.0,1310
